pais_iso,pais,indicador_code,indicador,anio,valor
ARG,Argentina,NE.TRD.GNFS.ZS,Apertura comercial (Trade % PIB),2023,26.68
ARG,Argentina,NE.TRD.GNFS.ZS,Apertura comercial (Trade % PIB),2022,31.58
ARG,Argentina,NE.TRD.GNFS.ZS,Apertura comercial (Trade % PIB),2021,33.08
ARG,Argentina,NE.TRD.GNFS.ZS,Apertura comercial (Trade % PIB),2020,30.2
ARG,Argentina,NE.TRD.GNFS.ZS,Apertura comercial (Trade % PIB),2019,32.63
ARG,Argentina,NE.TRD.GNFS.ZS,Apertura comercial (Trade % PIB),2018,30.76
ARG,Argentina,NE.TRD.GNFS.ZS,Apertura comercial (Trade % PIB),2017,25.29
ARG,Argentina,NE.TRD.GNFS.ZS,Apertura comercial (Trade % PIB),2016,26.09
ARG,Argentina,NE.TRD.GNFS.ZS,Apertura comercial (Trade % PIB),2015,22.49
ARG,Argentina,NE.TRD.GNFS.ZS,Apertura comercial (Trade % PIB),2014,28.41
ARG,Argentina,NE.TRD.GNFS.ZS,Apertura comercial (Trade % PIB),2013,29.33
ARG,Argentina,NE.TRD.GNFS.ZS,Apertura comercial (Trade % PIB),2012,30.53
ARG,Argentina,NE.TRD.GNFS.ZS,Apertura comercial (Trade % PIB),2011,35.21
ARG,Argentina,NE.TRD.GNFS.ZS,Apertura comercial (Trade % PIB),2010,34.97
ARG,Argentina,NE.TRD.GNFS.ZS,Apertura comercial (Trade % PIB),2009,34.06
ARG,Argentina,NE.TRD.GNFS.ZS,Apertura comercial (Trade % PIB),2008,40.4
ARG,Argentina,NE.TRD.GNFS.ZS,Apertura comercial (Trade % PIB),2007,40.95
ARG,Argentina,NE.TRD.GNFS.ZS,Apertura comercial (Trade % PIB),2006,40.43
ARG,Argentina,NE.TRD.GNFS.ZS,Apertura comercial (Trade % PIB),2005,40.55
ARG,Argentina,NE.TRD.GNFS.ZS,Apertura comercial (Trade % PIB),2004,40.69
ARG,Argentina,NE.TRD.GNFS.ZS,Apertura comercial (Trade % PIB),2003,40.64
ARG,Argentina,NE.TRD.GNFS.ZS,Apertura comercial (Trade % PIB),2002,41.75
ARG,Argentina,NE.TRD.GNFS.ZS,Apertura comercial (Trade % PIB),2001,21.85
ARG,Argentina,NE.TRD.GNFS.ZS,Apertura comercial (Trade % PIB),2000,22.62
ARG,Argentina,NE.TRD.GNFS.ZS,Apertura comercial (Trade % PIB),1999,21.38
ARG,Argentina,NE.TRD.GNFS.ZS,Apertura comercial (Trade % PIB),1998,23.35
ARG,Argentina,NE.TRD.GNFS.ZS,Apertura comercial (Trade % PIB),1997,23.34
ARG,Argentina,NE.TRD.GNFS.ZS,Apertura comercial (Trade % PIB),1996,21.51
ARG,Argentina,NE.TRD.GNFS.ZS,Apertura comercial (Trade % PIB),1995,19.77
ARG,Argentina,NE.TRD.GNFS.ZS,Apertura comercial (Trade % PIB),1994,18.13
ARG,Argentina,NE.TRD.GNFS.ZS,Apertura comercial (Trade % PIB),1993,16.22
ARG,Argentina,NE.TRD.GNFS.ZS,Apertura comercial (Trade % PIB),1992,14.73
ARG,Argentina,NE.TRD.GNFS.ZS,Apertura comercial (Trade % PIB),1991,13.75
ARG,Argentina,NE.TRD.GNFS.ZS,Apertura comercial (Trade % PIB),1990,14.99
ARG,Argentina,NE.TRD.GNFS.ZS,Apertura comercial (Trade % PIB),1989,19.64
ARG,Argentina,NE.TRD.GNFS.ZS,Apertura comercial (Trade % PIB),1988,15.74
ARG,Argentina,NE.TRD.GNFS.ZS,Apertura comercial (Trade % PIB),1987,15.45
ARG,Argentina,NE.TRD.GNFS.ZS,Apertura comercial (Trade % PIB),1986,14.49
ARG,Argentina,NE.TRD.GNFS.ZS,Apertura comercial (Trade % PIB),1985,18.01
ARG,Argentina,NE.TRD.GNFS.ZS,Apertura comercial (Trade % PIB),1984,12.35
ARG,Argentina,NE.TRD.GNFS.ZS,Apertura comercial (Trade % PIB),1983,14.99
ARG,Argentina,NE.TRD.GNFS.ZS,Apertura comercial (Trade % PIB),1982,15.61
ARG,Argentina,NE.TRD.GNFS.ZS,Apertura comercial (Trade % PIB),1981,14.29
ARG,Argentina,NE.TRD.GNFS.ZS,Apertura comercial (Trade % PIB),1980,11.55
ARG,Argentina,NE.TRD.GNFS.ZS,Apertura comercial (Trade % PIB),1979,12.84
ARG,Argentina,NE.TRD.GNFS.ZS,Apertura comercial (Trade % PIB),1978,14.32
ARG,Argentina,NE.TRD.GNFS.ZS,Apertura comercial (Trade % PIB),1977,16.94
ARG,Argentina,NE.TRD.GNFS.ZS,Apertura comercial (Trade % PIB),1976,15.1
ARG,Argentina,NE.TRD.GNFS.ZS,Apertura comercial (Trade % PIB),1975,11.8
ARG,Argentina,NE.TRD.GNFS.ZS,Apertura comercial (Trade % PIB),1974,13.19
ARG,Argentina,NE.TRD.GNFS.ZS,Apertura comercial (Trade % PIB),1973,13.32
ARG,Argentina,NE.TRD.GNFS.ZS,Apertura comercial (Trade % PIB),1972,14.04
ARG,Argentina,NE.TRD.GNFS.ZS,Apertura comercial (Trade % PIB),1971,12.62
ARG,Argentina,NE.TRD.GNFS.ZS,Apertura comercial (Trade % PIB),1970,10.34
ARG,Argentina,NE.TRD.GNFS.ZS,Apertura comercial (Trade % PIB),1969,12.8
ARG,Argentina,NE.TRD.GNFS.ZS,Apertura comercial (Trade % PIB),1968,11.89
ARG,Argentina,NE.TRD.GNFS.ZS,Apertura comercial (Trade % PIB),1967,12.49
ARG,Argentina,NE.TRD.GNFS.ZS,Apertura comercial (Trade % PIB),1966,11.64
ARG,Argentina,NE.TRD.GNFS.ZS,Apertura comercial (Trade % PIB),1965,10.38
ARG,Argentina,NE.TRD.GNFS.ZS,Apertura comercial (Trade % PIB),1964,11.13
ARG,Argentina,NE.TRD.GNFS.ZS,Apertura comercial (Trade % PIB),1963,15.78
ARG,Argentina,NE.TRD.GNFS.ZS,Apertura comercial (Trade % PIB),1962,14.08
ARG,Argentina,NE.TRD.GNFS.ZS,Apertura comercial (Trade % PIB),1961,11.99
ARG,Argentina,NE.TRD.GNFS.ZS,Apertura comercial (Trade % PIB),1960,15.21
ARG,Argentina,NE.EXP.GNFS.ZS,Exportaciones (% PIB),2023,12.82
ARG,Argentina,NE.EXP.GNFS.ZS,Exportaciones (% PIB),2022,16.28
ARG,Argentina,NE.EXP.GNFS.ZS,Exportaciones (% PIB),2021,18.07
ARG,Argentina,NE.EXP.GNFS.ZS,Exportaciones (% PIB),2020,16.61
ARG,Argentina,NE.EXP.GNFS.ZS,Exportaciones (% PIB),2019,17.92
ARG,Argentina,NE.EXP.GNFS.ZS,Exportaciones (% PIB),2018,14.44
ARG,Argentina,NE.EXP.GNFS.ZS,Exportaciones (% PIB),2017,11.32
ARG,Argentina,NE.EXP.GNFS.ZS,Exportaciones (% PIB),2016,12.53
ARG,Argentina,NE.EXP.GNFS.ZS,Exportaciones (% PIB),2015,10.71
ARG,Argentina,NE.EXP.GNFS.ZS,Exportaciones (% PIB),2014,14.41
ARG,Argentina,NE.EXP.GNFS.ZS,Exportaciones (% PIB),2013,14.62
ARG,Argentina,NE.EXP.GNFS.ZS,Exportaciones (% PIB),2012,16.24
ARG,Argentina,NE.EXP.GNFS.ZS,Exportaciones (% PIB),2011,18.45
ARG,Argentina,NE.EXP.GNFS.ZS,Exportaciones (% PIB),2010,18.93
ARG,Argentina,NE.EXP.GNFS.ZS,Exportaciones (% PIB),2009,19.56
ARG,Argentina,NE.EXP.GNFS.ZS,Exportaciones (% PIB),2008,22.06
ARG,Argentina,NE.EXP.GNFS.ZS,Exportaciones (% PIB),2007,22.66
ARG,Argentina,NE.EXP.GNFS.ZS,Exportaciones (% PIB),2006,23.03
ARG,Argentina,NE.EXP.GNFS.ZS,Exportaciones (% PIB),2005,23.25
ARG,Argentina,NE.EXP.GNFS.ZS,Exportaciones (% PIB),2004,23.85
ARG,Argentina,NE.EXP.GNFS.ZS,Exportaciones (% PIB),2003,25.93
ARG,Argentina,NE.EXP.GNFS.ZS,Exportaciones (% PIB),2002,28.38
ARG,Argentina,NE.EXP.GNFS.ZS,Exportaciones (% PIB),2001,11.58
ARG,Argentina,NE.EXP.GNFS.ZS,Exportaciones (% PIB),2000,10.99
ARG,Argentina,NE.EXP.GNFS.ZS,Exportaciones (% PIB),1999,9.83
ARG,Argentina,NE.EXP.GNFS.ZS,Exportaciones (% PIB),1998,10.42
ARG,Argentina,NE.EXP.GNFS.ZS,Exportaciones (% PIB),1997,10.56
ARG,Argentina,NE.EXP.GNFS.ZS,Exportaciones (% PIB),1996,10.43
ARG,Argentina,NE.EXP.GNFS.ZS,Exportaciones (% PIB),1995,9.68
ARG,Argentina,NE.EXP.GNFS.ZS,Exportaciones (% PIB),1994,7.53
ARG,Argentina,NE.EXP.GNFS.ZS,Exportaciones (% PIB),1993,6.91
ARG,Argentina,NE.EXP.GNFS.ZS,Exportaciones (% PIB),1992,6.6
ARG,Argentina,NE.EXP.GNFS.ZS,Exportaciones (% PIB),1991,7.68
ARG,Argentina,NE.EXP.GNFS.ZS,Exportaciones (% PIB),1990,10.36
ARG,Argentina,NE.EXP.GNFS.ZS,Exportaciones (% PIB),1989,13.06
ARG,Argentina,NE.EXP.GNFS.ZS,Exportaciones (% PIB),1988,9.53
ARG,Argentina,NE.EXP.GNFS.ZS,Exportaciones (% PIB),1987,7.87
ARG,Argentina,NE.EXP.GNFS.ZS,Exportaciones (% PIB),1986,8.16
ARG,Argentina,NE.EXP.GNFS.ZS,Exportaciones (% PIB),1985,11.74
ARG,Argentina,NE.EXP.GNFS.ZS,Exportaciones (% PIB),1984,7.59
ARG,Argentina,NE.EXP.GNFS.ZS,Exportaciones (% PIB),1983,9.15
ARG,Argentina,NE.EXP.GNFS.ZS,Exportaciones (% PIB),1982,9.09
ARG,Argentina,NE.EXP.GNFS.ZS,Exportaciones (% PIB),1981,6.92
ARG,Argentina,NE.EXP.GNFS.ZS,Exportaciones (% PIB),1980,5.06
ARG,Argentina,NE.EXP.GNFS.ZS,Exportaciones (% PIB),1979,6.51
ARG,Argentina,NE.EXP.GNFS.ZS,Exportaciones (% PIB),1978,8.61
ARG,Argentina,NE.EXP.GNFS.ZS,Exportaciones (% PIB),1977,9.62
ARG,Argentina,NE.EXP.GNFS.ZS,Exportaciones (% PIB),1976,9.18
ARG,Argentina,NE.EXP.GNFS.ZS,Exportaciones (% PIB),1975,5.82
ARG,Argentina,NE.EXP.GNFS.ZS,Exportaciones (% PIB),1974,6.9
ARG,Argentina,NE.EXP.GNFS.ZS,Exportaciones (% PIB),1973,7.61
ARG,Argentina,NE.EXP.GNFS.ZS,Exportaciones (% PIB),1972,7.2
ARG,Argentina,NE.EXP.GNFS.ZS,Exportaciones (% PIB),1971,6.01
ARG,Argentina,NE.EXP.GNFS.ZS,Exportaciones (% PIB),1970,5.6
ARG,Argentina,NE.EXP.GNFS.ZS,Exportaciones (% PIB),1969,6.4
ARG,Argentina,NE.EXP.GNFS.ZS,Exportaciones (% PIB),1968,6.48
ARG,Argentina,NE.EXP.GNFS.ZS,Exportaciones (% PIB),1967,7.5
ARG,Argentina,NE.EXP.GNFS.ZS,Exportaciones (% PIB),1966,6.65
ARG,Argentina,NE.EXP.GNFS.ZS,Exportaciones (% PIB),1965,6.23
ARG,Argentina,NE.EXP.GNFS.ZS,Exportaciones (% PIB),1964,5.56
ARG,Argentina,NE.EXP.GNFS.ZS,Exportaciones (% PIB),1963,7.89
ARG,Argentina,NE.EXP.GNFS.ZS,Exportaciones (% PIB),1962,4.69
ARG,Argentina,NE.EXP.GNFS.ZS,Exportaciones (% PIB),1961,5.99
ARG,Argentina,NE.EXP.GNFS.ZS,Exportaciones (% PIB),1960,7.6
ARG,Argentina,NE.IMP.GNFS.ZS,Importaciones (% PIB),2023,13.85
ARG,Argentina,NE.IMP.GNFS.ZS,Importaciones (% PIB),2022,15.3
ARG,Argentina,NE.IMP.GNFS.ZS,Importaciones (% PIB),2021,15.01
ARG,Argentina,NE.IMP.GNFS.ZS,Importaciones (% PIB),2020,13.6
ARG,Argentina,NE.IMP.GNFS.ZS,Importaciones (% PIB),2019,14.71
ARG,Argentina,NE.IMP.GNFS.ZS,Importaciones (% PIB),2018,16.33
ARG,Argentina,NE.IMP.GNFS.ZS,Importaciones (% PIB),2017,13.97
ARG,Argentina,NE.IMP.GNFS.ZS,Importaciones (% PIB),2016,13.57
ARG,Argentina,NE.IMP.GNFS.ZS,Importaciones (% PIB),2015,11.78
ARG,Argentina,NE.IMP.GNFS.ZS,Importaciones (% PIB),2014,14.0
ARG,Argentina,NE.IMP.GNFS.ZS,Importaciones (% PIB),2013,14.72
ARG,Argentina,NE.IMP.GNFS.ZS,Importaciones (% PIB),2012,14.29
ARG,Argentina,NE.IMP.GNFS.ZS,Importaciones (% PIB),2011,16.76
ARG,Argentina,NE.IMP.GNFS.ZS,Importaciones (% PIB),2010,16.04
ARG,Argentina,NE.IMP.GNFS.ZS,Importaciones (% PIB),2009,14.5
ARG,Argentina,NE.IMP.GNFS.ZS,Importaciones (% PIB),2008,18.34
ARG,Argentina,NE.IMP.GNFS.ZS,Importaciones (% PIB),2007,18.28
ARG,Argentina,NE.IMP.GNFS.ZS,Importaciones (% PIB),2006,17.41
ARG,Argentina,NE.IMP.GNFS.ZS,Importaciones (% PIB),2005,17.31
ARG,Argentina,NE.IMP.GNFS.ZS,Importaciones (% PIB),2004,16.85
ARG,Argentina,NE.IMP.GNFS.ZS,Importaciones (% PIB),2003,14.71
ARG,Argentina,NE.IMP.GNFS.ZS,Importaciones (% PIB),2002,13.37
ARG,Argentina,NE.IMP.GNFS.ZS,Importaciones (% PIB),2001,10.27
ARG,Argentina,NE.IMP.GNFS.ZS,Importaciones (% PIB),2000,11.64
ARG,Argentina,NE.IMP.GNFS.ZS,Importaciones (% PIB),1999,11.56
ARG,Argentina,NE.IMP.GNFS.ZS,Importaciones (% PIB),1998,12.93
ARG,Argentina,NE.IMP.GNFS.ZS,Importaciones (% PIB),1997,12.78
ARG,Argentina,NE.IMP.GNFS.ZS,Importaciones (% PIB),1996,11.08
ARG,Argentina,NE.IMP.GNFS.ZS,Importaciones (% PIB),1995,10.09
ARG,Argentina,NE.IMP.GNFS.ZS,Importaciones (% PIB),1994,10.6
ARG,Argentina,NE.IMP.GNFS.ZS,Importaciones (% PIB),1993,9.31
ARG,Argentina,NE.IMP.GNFS.ZS,Importaciones (% PIB),1992,8.13
ARG,Argentina,NE.IMP.GNFS.ZS,Importaciones (% PIB),1991,6.08
ARG,Argentina,NE.IMP.GNFS.ZS,Importaciones (% PIB),1990,4.63
ARG,Argentina,NE.IMP.GNFS.ZS,Importaciones (% PIB),1989,6.58
ARG,Argentina,NE.IMP.GNFS.ZS,Importaciones (% PIB),1988,6.21
ARG,Argentina,NE.IMP.GNFS.ZS,Importaciones (% PIB),1987,7.58
ARG,Argentina,NE.IMP.GNFS.ZS,Importaciones (% PIB),1986,6.32
ARG,Argentina,NE.IMP.GNFS.ZS,Importaciones (% PIB),1985,6.27
ARG,Argentina,NE.IMP.GNFS.ZS,Importaciones (% PIB),1984,4.76
ARG,Argentina,NE.IMP.GNFS.ZS,Importaciones (% PIB),1983,5.84
ARG,Argentina,NE.IMP.GNFS.ZS,Importaciones (% PIB),1982,6.52
ARG,Argentina,NE.IMP.GNFS.ZS,Importaciones (% PIB),1981,7.37
ARG,Argentina,NE.IMP.GNFS.ZS,Importaciones (% PIB),1980,6.48
ARG,Argentina,NE.IMP.GNFS.ZS,Importaciones (% PIB),1979,6.33
ARG,Argentina,NE.IMP.GNFS.ZS,Importaciones (% PIB),1978,5.72
ARG,Argentina,NE.IMP.GNFS.ZS,Importaciones (% PIB),1977,7.33
ARG,Argentina,NE.IMP.GNFS.ZS,Importaciones (% PIB),1976,5.92
ARG,Argentina,NE.IMP.GNFS.ZS,Importaciones (% PIB),1975,5.98
ARG,Argentina,NE.IMP.GNFS.ZS,Importaciones (% PIB),1974,6.29
ARG,Argentina,NE.IMP.GNFS.ZS,Importaciones (% PIB),1973,5.71
ARG,Argentina,NE.IMP.GNFS.ZS,Importaciones (% PIB),1972,6.84
ARG,Argentina,NE.IMP.GNFS.ZS,Importaciones (% PIB),1971,6.61
ARG,Argentina,NE.IMP.GNFS.ZS,Importaciones (% PIB),1970,4.74
ARG,Argentina,NE.IMP.GNFS.ZS,Importaciones (% PIB),1969,6.4
ARG,Argentina,NE.IMP.GNFS.ZS,Importaciones (% PIB),1968,5.4
ARG,Argentina,NE.IMP.GNFS.ZS,Importaciones (% PIB),1967,5.0
ARG,Argentina,NE.IMP.GNFS.ZS,Importaciones (% PIB),1966,4.99
ARG,Argentina,NE.IMP.GNFS.ZS,Importaciones (% PIB),1965,4.15
ARG,Argentina,NE.IMP.GNFS.ZS,Importaciones (% PIB),1964,5.56
ARG,Argentina,NE.IMP.GNFS.ZS,Importaciones (% PIB),1963,7.89
ARG,Argentina,NE.IMP.GNFS.ZS,Importaciones (% PIB),1962,9.38
ARG,Argentina,NE.IMP.GNFS.ZS,Importaciones (% PIB),1961,5.99
ARG,Argentina,NE.IMP.GNFS.ZS,Importaciones (% PIB),1960,7.6
ARG,Argentina,BN.CAB.XOKA.GD.ZS,Cuenta corriente (% PIB),2023,-3.2
ARG,Argentina,BN.CAB.XOKA.GD.ZS,Cuenta corriente (% PIB),2022,-0.63
ARG,Argentina,BN.CAB.XOKA.GD.ZS,Cuenta corriente (% PIB),2021,1.36
ARG,Argentina,BN.CAB.XOKA.GD.ZS,Cuenta corriente (% PIB),2020,0.7
ARG,Argentina,BN.CAB.XOKA.GD.ZS,Cuenta corriente (% PIB),2019,-0.78
ARG,Argentina,BN.CAB.XOKA.GD.ZS,Cuenta corriente (% PIB),2018,-5.16
ARG,Argentina,BN.CAB.XOKA.GD.ZS,Cuenta corriente (% PIB),2017,-4.84
ARG,Argentina,BN.CAB.XOKA.GD.ZS,Cuenta corriente (% PIB),2016,-2.71
ARG,Argentina,BN.CAB.XOKA.GD.ZS,Cuenta corriente (% PIB),2015,-2.96
ARG,Argentina,BN.CAB.XOKA.GD.ZS,Cuenta corriente (% PIB),2014,-1.74
ARG,Argentina,BN.CAB.XOKA.GD.ZS,Cuenta corriente (% PIB),2013,-2.38
ARG,Argentina,BN.CAB.XOKA.GD.ZS,Cuenta corriente (% PIB),2012,-0.39
ARG,Argentina,BN.CAB.XOKA.GD.ZS,Cuenta corriente (% PIB),2011,-1.01
ARG,Argentina,BN.CAB.XOKA.GD.ZS,Cuenta corriente (% PIB),2010,-0.38
ARG,Argentina,BN.CAB.XOKA.GD.ZS,Cuenta corriente (% PIB),2009,2.18
ARG,Argentina,BN.CAB.XOKA.GD.ZS,Cuenta corriente (% PIB),2008,1.5
ARG,Argentina,BN.CAB.XOKA.GD.ZS,Cuenta corriente (% PIB),2007,2.1
ARG,Argentina,BN.CAB.XOKA.GD.ZS,Cuenta corriente (% PIB),2006,2.79
ARG,Argentina,BN.CAB.XOKA.GD.ZS,Cuenta corriente (% PIB),2005,2.65
ARG,Argentina,BN.CAB.XOKA.GD.ZS,Cuenta corriente (% PIB),2004,1.95
ARG,Argentina,BN.CAB.XOKA.GD.ZS,Cuenta corriente (% PIB),2003,6.38
ARG,Argentina,BN.CAB.XOKA.GD.ZS,Cuenta corriente (% PIB),2002,8.97
ARG,Argentina,BN.CAB.XOKA.GD.ZS,Cuenta corriente (% PIB),2001,-1.41
ARG,Argentina,BN.CAB.XOKA.GD.ZS,Cuenta corriente (% PIB),2000,-3.16
ARG,Argentina,BN.CAB.XOKA.GD.ZS,Cuenta corriente (% PIB),1999,-4.21
ARG,Argentina,BN.CAB.XOKA.GD.ZS,Cuenta corriente (% PIB),1998,-4.84
ARG,Argentina,BN.CAB.XOKA.GD.ZS,Cuenta corriente (% PIB),1997,-4.14
ARG,Argentina,BN.CAB.XOKA.GD.ZS,Cuenta corriente (% PIB),1996,-2.49
ARG,Argentina,BN.CAB.XOKA.GD.ZS,Cuenta corriente (% PIB),1995,-1.98
ARG,Argentina,BN.CAB.XOKA.GD.ZS,Cuenta corriente (% PIB),1994,-4.26
ARG,Argentina,BN.CAB.XOKA.GD.ZS,Cuenta corriente (% PIB),1993,-3.47
ARG,Argentina,BN.CAB.XOKA.GD.ZS,Cuenta corriente (% PIB),1992,-2.42
ARG,Argentina,BN.CAB.XOKA.GD.ZS,Cuenta corriente (% PIB),1991,-0.34
ARG,Argentina,BN.CAB.XOKA.GD.ZS,Cuenta corriente (% PIB),1990,3.22
ARG,Argentina,BN.CAB.XOKA.GD.ZS,Cuenta corriente (% PIB),1989,-1.7
ARG,Argentina,BN.CAB.XOKA.GD.ZS,Cuenta corriente (% PIB),1988,-1.24
ARG,Argentina,BN.CAB.XOKA.GD.ZS,Cuenta corriente (% PIB),1987,-3.89
ARG,Argentina,BN.CAB.XOKA.GD.ZS,Cuenta corriente (% PIB),1986,-2.7
ARG,Argentina,BN.CAB.XOKA.GD.ZS,Cuenta corriente (% PIB),1985,-1.08
ARG,Argentina,BN.CAB.XOKA.GD.ZS,Cuenta corriente (% PIB),1984,-2.13
ARG,Argentina,BN.CAB.XOKA.GD.ZS,Cuenta corriente (% PIB),1983,-2.34
ARG,Argentina,BN.CAB.XOKA.GD.ZS,Cuenta corriente (% PIB),1982,-2.79
ARG,Argentina,BN.CAB.XOKA.GD.ZS,Cuenta corriente (% PIB),1981,-5.99
ARG,Argentina,BN.CAB.XOKA.GD.ZS,Cuenta corriente (% PIB),1980,-6.2
ARG,Argentina,BN.CAB.XOKA.GD.ZS,Cuenta corriente (% PIB),1979,-0.74
ARG,Argentina,BN.CAB.XOKA.GD.ZS,Cuenta corriente (% PIB),1978,2.08
ARG,Argentina,BN.CAB.XOKA.GD.ZS,Cuenta corriente (% PIB),1977,1.98
ARG,Argentina,BN.CAB.XOKA.GD.ZS,Cuenta corriente (% PIB),1976,1.27
BRA,Brasil,NE.TRD.GNFS.ZS,Apertura comercial (Trade % PIB),2023,33.67
BRA,Brasil,NE.TRD.GNFS.ZS,Apertura comercial (Trade % PIB),2022,38.82
BRA,Brasil,NE.TRD.GNFS.ZS,Apertura comercial (Trade % PIB),2021,37.66
BRA,Brasil,NE.TRD.GNFS.ZS,Apertura comercial (Trade % PIB),2020,32.3
BRA,Brasil,NE.TRD.GNFS.ZS,Apertura comercial (Trade % PIB),2019,28.89
BRA,Brasil,NE.TRD.GNFS.ZS,Apertura comercial (Trade % PIB),2018,28.88
BRA,Brasil,NE.TRD.GNFS.ZS,Apertura comercial (Trade % PIB),2017,24.32
BRA,Brasil,NE.TRD.GNFS.ZS,Apertura comercial (Trade % PIB),2016,24.53
BRA,Brasil,NE.TRD.GNFS.ZS,Apertura comercial (Trade % PIB),2015,26.95
BRA,Brasil,NE.TRD.GNFS.ZS,Apertura comercial (Trade % PIB),2014,24.69
BRA,Brasil,NE.TRD.GNFS.ZS,Apertura comercial (Trade % PIB),2013,25.79
BRA,Brasil,NE.TRD.GNFS.ZS,Apertura comercial (Trade % PIB),2012,25.11
BRA,Brasil,NE.TRD.GNFS.ZS,Apertura comercial (Trade % PIB),2011,23.93
BRA,Brasil,NE.TRD.GNFS.ZS,Apertura comercial (Trade % PIB),2010,22.77
BRA,Brasil,NE.TRD.GNFS.ZS,Apertura comercial (Trade % PIB),2009,22.11
BRA,Brasil,NE.TRD.GNFS.ZS,Apertura comercial (Trade % PIB),2008,27.26
BRA,Brasil,NE.TRD.GNFS.ZS,Apertura comercial (Trade % PIB),2007,25.29
BRA,Brasil,NE.TRD.GNFS.ZS,Apertura comercial (Trade % PIB),2006,26.04
BRA,Brasil,NE.TRD.GNFS.ZS,Apertura comercial (Trade % PIB),2005,27.09
BRA,Brasil,NE.TRD.GNFS.ZS,Apertura comercial (Trade % PIB),2004,29.68
BRA,Brasil,NE.TRD.GNFS.ZS,Apertura comercial (Trade % PIB),2003,28.14
BRA,Brasil,NE.TRD.GNFS.ZS,Apertura comercial (Trade % PIB),2002,27.62
BRA,Brasil,NE.TRD.GNFS.ZS,Apertura comercial (Trade % PIB),2001,26.94
BRA,Brasil,NE.TRD.GNFS.ZS,Apertura comercial (Trade % PIB),2000,22.64
BRA,Brasil,NE.TRD.GNFS.ZS,Apertura comercial (Trade % PIB),1999,20.98
BRA,Brasil,NE.TRD.GNFS.ZS,Apertura comercial (Trade % PIB),1998,16.44
BRA,Brasil,NE.TRD.GNFS.ZS,Apertura comercial (Trade % PIB),1997,16.58
BRA,Brasil,NE.TRD.GNFS.ZS,Apertura comercial (Trade % PIB),1996,15.64
BRA,Brasil,NE.TRD.GNFS.ZS,Apertura comercial (Trade % PIB),1995,16.98
BRA,Brasil,NE.TRD.GNFS.ZS,Apertura comercial (Trade % PIB),1994,18.67
BRA,Brasil,NE.TRD.GNFS.ZS,Apertura comercial (Trade % PIB),1993,19.6
BRA,Brasil,NE.TRD.GNFS.ZS,Apertura comercial (Trade % PIB),1992,19.25
BRA,Brasil,NE.TRD.GNFS.ZS,Apertura comercial (Trade % PIB),1991,16.59
BRA,Brasil,NE.TRD.GNFS.ZS,Apertura comercial (Trade % PIB),1990,15.16
BRA,Brasil,NE.TRD.GNFS.ZS,Apertura comercial (Trade % PIB),1989,14.39
BRA,Brasil,NE.TRD.GNFS.ZS,Apertura comercial (Trade % PIB),1988,17.77
BRA,Brasil,NE.TRD.GNFS.ZS,Apertura comercial (Trade % PIB),1987,16.26
BRA,Brasil,NE.TRD.GNFS.ZS,Apertura comercial (Trade % PIB),1986,15.86
BRA,Brasil,NE.TRD.GNFS.ZS,Apertura comercial (Trade % PIB),1985,20.45
BRA,Brasil,NE.TRD.GNFS.ZS,Apertura comercial (Trade % PIB),1984,23.83
BRA,Brasil,NE.TRD.GNFS.ZS,Apertura comercial (Trade % PIB),1983,21.9
BRA,Brasil,NE.TRD.GNFS.ZS,Apertura comercial (Trade % PIB),1982,16.49
BRA,Brasil,NE.TRD.GNFS.ZS,Apertura comercial (Trade % PIB),1981,19.63
BRA,Brasil,NE.TRD.GNFS.ZS,Apertura comercial (Trade % PIB),1980,20.16
BRA,Brasil,NE.TRD.GNFS.ZS,Apertura comercial (Trade % PIB),1979,16.57
BRA,Brasil,NE.TRD.GNFS.ZS,Apertura comercial (Trade % PIB),1978,14.58
BRA,Brasil,NE.TRD.GNFS.ZS,Apertura comercial (Trade % PIB),1977,15.16
BRA,Brasil,NE.TRD.GNFS.ZS,Apertura comercial (Trade % PIB),1976,16.42
BRA,Brasil,NE.TRD.GNFS.ZS,Apertura comercial (Trade % PIB),1975,18.23
BRA,Brasil,NE.TRD.GNFS.ZS,Apertura comercial (Trade % PIB),1974,20.97
BRA,Brasil,NE.TRD.GNFS.ZS,Apertura comercial (Trade % PIB),1973,16.86
BRA,Brasil,NE.TRD.GNFS.ZS,Apertura comercial (Trade % PIB),1972,16.13
BRA,Brasil,NE.TRD.GNFS.ZS,Apertura comercial (Trade % PIB),1971,14.65
BRA,Brasil,NE.TRD.GNFS.ZS,Apertura comercial (Trade % PIB),1970,14.48
BRA,Brasil,NE.TRD.GNFS.ZS,Apertura comercial (Trade % PIB),1969,13.28
BRA,Brasil,NE.TRD.GNFS.ZS,Apertura comercial (Trade % PIB),1968,12.59
BRA,Brasil,NE.TRD.GNFS.ZS,Apertura comercial (Trade % PIB),1967,11.35
BRA,Brasil,NE.TRD.GNFS.ZS,Apertura comercial (Trade % PIB),1966,12.26
BRA,Brasil,NE.TRD.GNFS.ZS,Apertura comercial (Trade % PIB),1965,12.89
BRA,Brasil,NE.TRD.GNFS.ZS,Apertura comercial (Trade % PIB),1964,12.21
BRA,Brasil,NE.TRD.GNFS.ZS,Apertura comercial (Trade % PIB),1963,17.94
BRA,Brasil,NE.TRD.GNFS.ZS,Apertura comercial (Trade % PIB),1962,9.38
BRA,Brasil,NE.TRD.GNFS.ZS,Apertura comercial (Trade % PIB),1961,12.89
BRA,Brasil,NE.TRD.GNFS.ZS,Apertura comercial (Trade % PIB),1960,12.62
BRA,Brasil,NE.EXP.GNFS.ZS,Exportaciones (% PIB),2023,17.97
BRA,Brasil,NE.EXP.GNFS.ZS,Exportaciones (% PIB),2022,19.63
BRA,Brasil,NE.EXP.GNFS.ZS,Exportaciones (% PIB),2021,19.11
BRA,Brasil,NE.EXP.GNFS.ZS,Exportaciones (% PIB),2020,16.45
BRA,Brasil,NE.EXP.GNFS.ZS,Exportaciones (% PIB),2019,14.12
BRA,Brasil,NE.EXP.GNFS.ZS,Exportaciones (% PIB),2018,14.63
BRA,Brasil,NE.EXP.GNFS.ZS,Exportaciones (% PIB),2017,12.52
BRA,Brasil,NE.EXP.GNFS.ZS,Exportaciones (% PIB),2016,12.47
BRA,Brasil,NE.EXP.GNFS.ZS,Exportaciones (% PIB),2015,12.9
BRA,Brasil,NE.EXP.GNFS.ZS,Exportaciones (% PIB),2014,11.01
BRA,Brasil,NE.EXP.GNFS.ZS,Exportaciones (% PIB),2013,11.74
BRA,Brasil,NE.EXP.GNFS.ZS,Exportaciones (% PIB),2012,11.88
BRA,Brasil,NE.EXP.GNFS.ZS,Exportaciones (% PIB),2011,11.58
BRA,Brasil,NE.EXP.GNFS.ZS,Exportaciones (% PIB),2010,10.87
BRA,Brasil,NE.EXP.GNFS.ZS,Exportaciones (% PIB),2009,10.85
BRA,Brasil,NE.EXP.GNFS.ZS,Exportaciones (% PIB),2008,13.53
BRA,Brasil,NE.EXP.GNFS.ZS,Exportaciones (% PIB),2007,13.33
BRA,Brasil,NE.EXP.GNFS.ZS,Exportaciones (% PIB),2006,14.37
BRA,Brasil,NE.EXP.GNFS.ZS,Exportaciones (% PIB),2005,15.24
BRA,Brasil,NE.EXP.GNFS.ZS,Exportaciones (% PIB),2004,16.55
BRA,Brasil,NE.EXP.GNFS.ZS,Exportaciones (% PIB),2003,15.18
BRA,Brasil,NE.EXP.GNFS.ZS,Exportaciones (% PIB),2002,14.23
BRA,Brasil,NE.EXP.GNFS.ZS,Exportaciones (% PIB),2001,12.37
BRA,Brasil,NE.EXP.GNFS.ZS,Exportaciones (% PIB),2000,10.19
BRA,Brasil,NE.EXP.GNFS.ZS,Exportaciones (% PIB),1999,9.56
BRA,Brasil,NE.EXP.GNFS.ZS,Exportaciones (% PIB),1998,7.03
BRA,Brasil,NE.EXP.GNFS.ZS,Exportaciones (% PIB),1997,6.98
BRA,Brasil,NE.EXP.GNFS.ZS,Exportaciones (% PIB),1996,6.73
BRA,Brasil,NE.EXP.GNFS.ZS,Exportaciones (% PIB),1995,7.53
BRA,Brasil,NE.EXP.GNFS.ZS,Exportaciones (% PIB),1994,9.51
BRA,Brasil,NE.EXP.GNFS.ZS,Exportaciones (% PIB),1993,10.5
BRA,Brasil,NE.EXP.GNFS.ZS,Exportaciones (% PIB),1992,10.87
BRA,Brasil,NE.EXP.GNFS.ZS,Exportaciones (% PIB),1991,8.68
BRA,Brasil,NE.EXP.GNFS.ZS,Exportaciones (% PIB),1990,8.2
BRA,Brasil,NE.EXP.GNFS.ZS,Exportaciones (% PIB),1989,8.93
BRA,Brasil,NE.EXP.GNFS.ZS,Exportaciones (% PIB),1988,11.67
BRA,Brasil,NE.EXP.GNFS.ZS,Exportaciones (% PIB),1987,9.83
BRA,Brasil,NE.EXP.GNFS.ZS,Exportaciones (% PIB),1986,9.22
BRA,Brasil,NE.EXP.GNFS.ZS,Exportaciones (% PIB),1985,12.95
BRA,Brasil,NE.EXP.GNFS.ZS,Exportaciones (% PIB),1984,15.04
BRA,Brasil,NE.EXP.GNFS.ZS,Exportaciones (% PIB),1983,12.24
BRA,Brasil,NE.EXP.GNFS.ZS,Exportaciones (% PIB),1982,7.9
BRA,Brasil,NE.EXP.GNFS.ZS,Exportaciones (% PIB),1981,9.62
BRA,Brasil,NE.EXP.GNFS.ZS,Exportaciones (% PIB),1980,8.96
BRA,Brasil,NE.EXP.GNFS.ZS,Exportaciones (% PIB),1979,7.24
BRA,Brasil,NE.EXP.GNFS.ZS,Exportaciones (% PIB),1978,6.69
BRA,Brasil,NE.EXP.GNFS.ZS,Exportaciones (% PIB),1977,7.25
BRA,Brasil,NE.EXP.GNFS.ZS,Exportaciones (% PIB),1976,7.01
BRA,Brasil,NE.EXP.GNFS.ZS,Exportaciones (% PIB),1975,7.22
BRA,Brasil,NE.EXP.GNFS.ZS,Exportaciones (% PIB),1974,7.67
BRA,Brasil,NE.EXP.GNFS.ZS,Exportaciones (% PIB),1973,7.84
BRA,Brasil,NE.EXP.GNFS.ZS,Exportaciones (% PIB),1972,7.27
BRA,Brasil,NE.EXP.GNFS.ZS,Exportaciones (% PIB),1971,6.46
BRA,Brasil,NE.EXP.GNFS.ZS,Exportaciones (% PIB),1970,7.03
BRA,Brasil,NE.EXP.GNFS.ZS,Exportaciones (% PIB),1969,6.67
BRA,Brasil,NE.EXP.GNFS.ZS,Exportaciones (% PIB),1968,5.99
BRA,Brasil,NE.EXP.GNFS.ZS,Exportaciones (% PIB),1967,5.68
BRA,Brasil,NE.EXP.GNFS.ZS,Exportaciones (% PIB),1966,6.53
BRA,Brasil,NE.EXP.GNFS.ZS,Exportaciones (% PIB),1965,7.5
BRA,Brasil,NE.EXP.GNFS.ZS,Exportaciones (% PIB),1964,6.46
BRA,Brasil,NE.EXP.GNFS.ZS,Exportaciones (% PIB),1963,8.93
BRA,Brasil,NE.EXP.GNFS.ZS,Exportaciones (% PIB),1962,4.01
BRA,Brasil,NE.EXP.GNFS.ZS,Exportaciones (% PIB),1961,6.42
BRA,Brasil,NE.EXP.GNFS.ZS,Exportaciones (% PIB),1960,6.28
BRA,Brasil,NE.IMP.GNFS.ZS,Importaciones (% PIB),2023,15.7
BRA,Brasil,NE.IMP.GNFS.ZS,Importaciones (% PIB),2022,19.19
BRA,Brasil,NE.IMP.GNFS.ZS,Importaciones (% PIB),2021,18.55
BRA,Brasil,NE.IMP.GNFS.ZS,Importaciones (% PIB),2020,15.85
BRA,Brasil,NE.IMP.GNFS.ZS,Importaciones (% PIB),2019,14.77
BRA,Brasil,NE.IMP.GNFS.ZS,Importaciones (% PIB),2018,14.24
BRA,Brasil,NE.IMP.GNFS.ZS,Importaciones (% PIB),2017,11.8
BRA,Brasil,NE.IMP.GNFS.ZS,Importaciones (% PIB),2016,12.07
BRA,Brasil,NE.IMP.GNFS.ZS,Importaciones (% PIB),2015,14.05
BRA,Brasil,NE.IMP.GNFS.ZS,Importaciones (% PIB),2014,13.67
BRA,Brasil,NE.IMP.GNFS.ZS,Importaciones (% PIB),2013,14.04
BRA,Brasil,NE.IMP.GNFS.ZS,Importaciones (% PIB),2012,13.24
BRA,Brasil,NE.IMP.GNFS.ZS,Importaciones (% PIB),2011,12.35
BRA,Brasil,NE.IMP.GNFS.ZS,Importaciones (% PIB),2010,11.91
BRA,Brasil,NE.IMP.GNFS.ZS,Importaciones (% PIB),2009,11.25
BRA,Brasil,NE.IMP.GNFS.ZS,Importaciones (% PIB),2008,13.72
BRA,Brasil,NE.IMP.GNFS.ZS,Importaciones (% PIB),2007,11.96
BRA,Brasil,NE.IMP.GNFS.ZS,Importaciones (% PIB),2006,11.67
BRA,Brasil,NE.IMP.GNFS.ZS,Importaciones (% PIB),2005,11.84
BRA,Brasil,NE.IMP.GNFS.ZS,Importaciones (% PIB),2004,13.13
BRA,Brasil,NE.IMP.GNFS.ZS,Importaciones (% PIB),2003,12.96
BRA,Brasil,NE.IMP.GNFS.ZS,Importaciones (% PIB),2002,13.39
BRA,Brasil,NE.IMP.GNFS.ZS,Importaciones (% PIB),2001,14.56
BRA,Brasil,NE.IMP.GNFS.ZS,Importaciones (% PIB),2000,12.45
BRA,Brasil,NE.IMP.GNFS.ZS,Importaciones (% PIB),1999,11.42
BRA,Brasil,NE.IMP.GNFS.ZS,Importaciones (% PIB),1998,9.41
BRA,Brasil,NE.IMP.GNFS.ZS,Importaciones (% PIB),1997,9.59
BRA,Brasil,NE.IMP.GNFS.ZS,Importaciones (% PIB),1996,8.91
BRA,Brasil,NE.IMP.GNFS.ZS,Importaciones (% PIB),1995,9.46
BRA,Brasil,NE.IMP.GNFS.ZS,Importaciones (% PIB),1994,9.16
BRA,Brasil,NE.IMP.GNFS.ZS,Importaciones (% PIB),1993,9.1
BRA,Brasil,NE.IMP.GNFS.ZS,Importaciones (% PIB),1992,8.39
BRA,Brasil,NE.IMP.GNFS.ZS,Importaciones (% PIB),1991,7.91
BRA,Brasil,NE.IMP.GNFS.ZS,Importaciones (% PIB),1990,6.96
BRA,Brasil,NE.IMP.GNFS.ZS,Importaciones (% PIB),1989,5.46
BRA,Brasil,NE.IMP.GNFS.ZS,Importaciones (% PIB),1988,6.1
BRA,Brasil,NE.IMP.GNFS.ZS,Importaciones (% PIB),1987,6.43
BRA,Brasil,NE.IMP.GNFS.ZS,Importaciones (% PIB),1986,6.64
BRA,Brasil,NE.IMP.GNFS.ZS,Importaciones (% PIB),1985,7.5
BRA,Brasil,NE.IMP.GNFS.ZS,Importaciones (% PIB),1984,8.79
BRA,Brasil,NE.IMP.GNFS.ZS,Importaciones (% PIB),1983,9.66
BRA,Brasil,NE.IMP.GNFS.ZS,Importaciones (% PIB),1982,8.59
BRA,Brasil,NE.IMP.GNFS.ZS,Importaciones (% PIB),1981,10.01
BRA,Brasil,NE.IMP.GNFS.ZS,Importaciones (% PIB),1980,11.19
BRA,Brasil,NE.IMP.GNFS.ZS,Importaciones (% PIB),1979,9.33
BRA,Brasil,NE.IMP.GNFS.ZS,Importaciones (% PIB),1978,7.88
BRA,Brasil,NE.IMP.GNFS.ZS,Importaciones (% PIB),1977,7.91
BRA,Brasil,NE.IMP.GNFS.ZS,Importaciones (% PIB),1976,9.4
BRA,Brasil,NE.IMP.GNFS.ZS,Importaciones (% PIB),1975,11.02
BRA,Brasil,NE.IMP.GNFS.ZS,Importaciones (% PIB),1974,13.29
BRA,Brasil,NE.IMP.GNFS.ZS,Importaciones (% PIB),1973,9.01
BRA,Brasil,NE.IMP.GNFS.ZS,Importaciones (% PIB),1972,8.86
BRA,Brasil,NE.IMP.GNFS.ZS,Importaciones (% PIB),1971,8.19
BRA,Brasil,NE.IMP.GNFS.ZS,Importaciones (% PIB),1970,7.45
BRA,Brasil,NE.IMP.GNFS.ZS,Importaciones (% PIB),1969,6.6
BRA,Brasil,NE.IMP.GNFS.ZS,Importaciones (% PIB),1968,6.6
BRA,Brasil,NE.IMP.GNFS.ZS,Importaciones (% PIB),1967,5.68
BRA,Brasil,NE.IMP.GNFS.ZS,Importaciones (% PIB),1966,5.73
BRA,Brasil,NE.IMP.GNFS.ZS,Importaciones (% PIB),1965,5.39
BRA,Brasil,NE.IMP.GNFS.ZS,Importaciones (% PIB),1964,5.74
BRA,Brasil,NE.IMP.GNFS.ZS,Importaciones (% PIB),1963,9.01
BRA,Brasil,NE.IMP.GNFS.ZS,Importaciones (% PIB),1962,5.38
BRA,Brasil,NE.IMP.GNFS.ZS,Importaciones (% PIB),1961,6.47
BRA,Brasil,NE.IMP.GNFS.ZS,Importaciones (% PIB),1960,6.33
BRA,Brasil,BN.CAB.XOKA.GD.ZS,Cuenta corriente (% PIB),2023,-1.24
BRA,Brasil,BN.CAB.XOKA.GD.ZS,Cuenta corriente (% PIB),2022,-2.15
BRA,Brasil,BN.CAB.XOKA.GD.ZS,Cuenta corriente (% PIB),2021,-2.36
BRA,Brasil,BN.CAB.XOKA.GD.ZS,Cuenta corriente (% PIB),2020,-1.64
BRA,Brasil,BN.CAB.XOKA.GD.ZS,Cuenta corriente (% PIB),2019,-3.41
BRA,Brasil,BN.CAB.XOKA.GD.ZS,Cuenta corriente (% PIB),2018,-2.81
BRA,Brasil,BN.CAB.XOKA.GD.ZS,Cuenta corriente (% PIB),2017,-1.22
BRA,Brasil,BN.CAB.XOKA.GD.ZS,Cuenta corriente (% PIB),2016,-1.7
BRA,Brasil,BN.CAB.XOKA.GD.ZS,Cuenta corriente (% PIB),2015,-3.52
BRA,Brasil,BN.CAB.XOKA.GD.ZS,Cuenta corriente (% PIB),2014,-4.5
BRA,Brasil,BN.CAB.XOKA.GD.ZS,Cuenta corriente (% PIB),2013,-3.57
BRA,Brasil,BN.CAB.XOKA.GD.ZS,Cuenta corriente (% PIB),2012,-3.76
BRA,Brasil,BN.CAB.XOKA.GD.ZS,Cuenta corriente (% PIB),2011,-3.19
BRA,Brasil,BN.CAB.XOKA.GD.ZS,Cuenta corriente (% PIB),2010,-3.93
BRA,Brasil,BN.CAB.XOKA.GD.ZS,Cuenta corriente (% PIB),2009,-1.76
BRA,Brasil,BN.CAB.XOKA.GD.ZS,Cuenta corriente (% PIB),2008,-2.1
BRA,Brasil,BN.CAB.XOKA.GD.ZS,Cuenta corriente (% PIB),2007,-0.2
BRA,Brasil,BN.CAB.XOKA.GD.ZS,Cuenta corriente (% PIB),2006,0.97
BRA,Brasil,BN.CAB.XOKA.GD.ZS,Cuenta corriente (% PIB),2005,1.31
BRA,Brasil,BN.CAB.XOKA.GD.ZS,Cuenta corriente (% PIB),2004,1.34
BRA,Brasil,BN.CAB.XOKA.GD.ZS,Cuenta corriente (% PIB),2003,0.39
BRA,Brasil,BN.CAB.XOKA.GD.ZS,Cuenta corriente (% PIB),2002,-1.85
BRA,Brasil,BN.CAB.XOKA.GD.ZS,Cuenta corriente (% PIB),2001,-4.44
BRA,Brasil,BN.CAB.XOKA.GD.ZS,Cuenta corriente (% PIB),2000,-4.05
BRA,Brasil,BN.CAB.XOKA.GD.ZS,Cuenta corriente (% PIB),1999,-4.47
BRA,Brasil,BN.CAB.XOKA.GD.ZS,Cuenta corriente (% PIB),1998,-4.05
BRA,Brasil,BN.CAB.XOKA.GD.ZS,Cuenta corriente (% PIB),1997,-3.64
BRA,Brasil,BN.CAB.XOKA.GD.ZS,Cuenta corriente (% PIB),1996,-2.73
BRA,Brasil,BN.CAB.XOKA.GD.ZS,Cuenta corriente (% PIB),1995,-2.36
BRA,Brasil,BN.CAB.XOKA.GD.ZS,Cuenta corriente (% PIB),1994,-0.22
BRA,Brasil,BN.CAB.XOKA.GD.ZS,Cuenta corriente (% PIB),1993,0.01
BRA,Brasil,BN.CAB.XOKA.GD.ZS,Cuenta corriente (% PIB),1992,1.86
BRA,Brasil,BN.CAB.XOKA.GD.ZS,Cuenta corriente (% PIB),1991,-0.42
BRA,Brasil,BN.CAB.XOKA.GD.ZS,Cuenta corriente (% PIB),1990,-0.98
BRA,Brasil,BN.CAB.XOKA.GD.ZS,Cuenta corriente (% PIB),1989,0.24
BRA,Brasil,BN.CAB.XOKA.GD.ZS,Cuenta corriente (% PIB),1988,1.35
BRA,Brasil,BN.CAB.XOKA.GD.ZS,Cuenta corriente (% PIB),1987,-0.51
BRA,Brasil,BN.CAB.XOKA.GD.ZS,Cuenta corriente (% PIB),1986,-2.07
BRA,Brasil,BN.CAB.XOKA.GD.ZS,Cuenta corriente (% PIB),1985,-0.13
BRA,Brasil,BN.CAB.XOKA.GD.ZS,Cuenta corriente (% PIB),1984,0.02
BRA,Brasil,BN.CAB.XOKA.GD.ZS,Cuenta corriente (% PIB),1983,-3.6
BRA,Brasil,BN.CAB.XOKA.GD.ZS,Cuenta corriente (% PIB),1982,-6.01
BRA,Brasil,BN.CAB.XOKA.GD.ZS,Cuenta corriente (% PIB),1981,-4.56
BRA,Brasil,BN.CAB.XOKA.GD.ZS,Cuenta corriente (% PIB),1980,-5.4
BRA,Brasil,BN.CAB.XOKA.GD.ZS,Cuenta corriente (% PIB),1979,-4.75
BRA,Brasil,BN.CAB.XOKA.GD.ZS,Cuenta corriente (% PIB),1978,-3.49
BRA,Brasil,BN.CAB.XOKA.GD.ZS,Cuenta corriente (% PIB),1977,-2.86
BRA,Brasil,BN.CAB.XOKA.GD.ZS,Cuenta corriente (% PIB),1976,-4.26
BRA,Brasil,BN.CAB.XOKA.GD.ZS,Cuenta corriente (% PIB),1975,-5.39
CHL,Chile,NE.TRD.GNFS.ZS,Apertura comercial (Trade % PIB),2023,60.72
CHL,Chile,NE.TRD.GNFS.ZS,Apertura comercial (Trade % PIB),2022,75.2
CHL,Chile,NE.TRD.GNFS.ZS,Apertura comercial (Trade % PIB),2021,64.88
CHL,Chile,NE.TRD.GNFS.ZS,Apertura comercial (Trade % PIB),2020,58.18
CHL,Chile,NE.TRD.GNFS.ZS,Apertura comercial (Trade % PIB),2019,57.61
CHL,Chile,NE.TRD.GNFS.ZS,Apertura comercial (Trade % PIB),2018,58.18
CHL,Chile,NE.TRD.GNFS.ZS,Apertura comercial (Trade % PIB),2017,56.03
CHL,Chile,NE.TRD.GNFS.ZS,Apertura comercial (Trade % PIB),2016,56.06
CHL,Chile,NE.TRD.GNFS.ZS,Apertura comercial (Trade % PIB),2015,59.35
CHL,Chile,NE.TRD.GNFS.ZS,Apertura comercial (Trade % PIB),2014,65.63
CHL,Chile,NE.TRD.GNFS.ZS,Apertura comercial (Trade % PIB),2013,65.14
CHL,Chile,NE.TRD.GNFS.ZS,Apertura comercial (Trade % PIB),2012,68.16
CHL,Chile,NE.TRD.GNFS.ZS,Apertura comercial (Trade % PIB),2011,72.48
CHL,Chile,NE.TRD.GNFS.ZS,Apertura comercial (Trade % PIB),2010,69.72
CHL,Chile,NE.TRD.GNFS.ZS,Apertura comercial (Trade % PIB),2009,66.69
CHL,Chile,NE.TRD.GNFS.ZS,Apertura comercial (Trade % PIB),2008,80.68
CHL,Chile,NE.TRD.GNFS.ZS,Apertura comercial (Trade % PIB),2007,76.98
CHL,Chile,NE.TRD.GNFS.ZS,Apertura comercial (Trade % PIB),2006,73.71
CHL,Chile,NE.TRD.GNFS.ZS,Apertura comercial (Trade % PIB),2005,72.06
CHL,Chile,NE.TRD.GNFS.ZS,Apertura comercial (Trade % PIB),2004,69.89
CHL,Chile,NE.TRD.GNFS.ZS,Apertura comercial (Trade % PIB),2003,65.69
CHL,Chile,NE.TRD.GNFS.ZS,Apertura comercial (Trade % PIB),2002,62.48
CHL,Chile,NE.TRD.GNFS.ZS,Apertura comercial (Trade % PIB),2001,62.14
CHL,Chile,NE.TRD.GNFS.ZS,Apertura comercial (Trade % PIB),2000,58.71
CHL,Chile,NE.TRD.GNFS.ZS,Apertura comercial (Trade % PIB),1999,54.7
CHL,Chile,NE.TRD.GNFS.ZS,Apertura comercial (Trade % PIB),1998,53.84
CHL,Chile,NE.TRD.GNFS.ZS,Apertura comercial (Trade % PIB),1997,54.1
CHL,Chile,NE.TRD.GNFS.ZS,Apertura comercial (Trade % PIB),1996,53.92
CHL,Chile,NE.TRD.GNFS.ZS,Apertura comercial (Trade % PIB),1995,54.69
CHL,Chile,NE.TRD.GNFS.ZS,Apertura comercial (Trade % PIB),1994,52.81
CHL,Chile,NE.TRD.GNFS.ZS,Apertura comercial (Trade % PIB),1993,52.91
CHL,Chile,NE.TRD.GNFS.ZS,Apertura comercial (Trade % PIB),1992,55.54
CHL,Chile,NE.TRD.GNFS.ZS,Apertura comercial (Trade % PIB),1991,57.51
CHL,Chile,NE.TRD.GNFS.ZS,Apertura comercial (Trade % PIB),1990,61.21
CHL,Chile,NE.TRD.GNFS.ZS,Apertura comercial (Trade % PIB),1989,62.63
CHL,Chile,NE.TRD.GNFS.ZS,Apertura comercial (Trade % PIB),1988,58.16
CHL,Chile,NE.TRD.GNFS.ZS,Apertura comercial (Trade % PIB),1987,53.34
CHL,Chile,NE.TRD.GNFS.ZS,Apertura comercial (Trade % PIB),1986,51.24
CHL,Chile,NE.TRD.GNFS.ZS,Apertura comercial (Trade % PIB),1985,49.97
CHL,Chile,NE.TRD.GNFS.ZS,Apertura comercial (Trade % PIB),1984,46.55
CHL,Chile,NE.TRD.GNFS.ZS,Apertura comercial (Trade % PIB),1983,44.24
CHL,Chile,NE.TRD.GNFS.ZS,Apertura comercial (Trade % PIB),1982,39.5
CHL,Chile,NE.TRD.GNFS.ZS,Apertura comercial (Trade % PIB),1981,40.96
CHL,Chile,NE.TRD.GNFS.ZS,Apertura comercial (Trade % PIB),1980,47.23
CHL,Chile,NE.TRD.GNFS.ZS,Apertura comercial (Trade % PIB),1979,46.73
CHL,Chile,NE.TRD.GNFS.ZS,Apertura comercial (Trade % PIB),1978,42.46
CHL,Chile,NE.TRD.GNFS.ZS,Apertura comercial (Trade % PIB),1977,40.85
CHL,Chile,NE.TRD.GNFS.ZS,Apertura comercial (Trade % PIB),1976,43.47
CHL,Chile,NE.TRD.GNFS.ZS,Apertura comercial (Trade % PIB),1975,49.45
CHL,Chile,NE.TRD.GNFS.ZS,Apertura comercial (Trade % PIB),1974,37.96
CHL,Chile,NE.TRD.GNFS.ZS,Apertura comercial (Trade % PIB),1973,28.01
CHL,Chile,NE.TRD.GNFS.ZS,Apertura comercial (Trade % PIB),1972,22.3
CHL,Chile,NE.TRD.GNFS.ZS,Apertura comercial (Trade % PIB),1971,22.62
CHL,Chile,NE.TRD.GNFS.ZS,Apertura comercial (Trade % PIB),1970,27.97
CHL,Chile,NE.TRD.GNFS.ZS,Apertura comercial (Trade % PIB),1969,29.8
CHL,Chile,NE.TRD.GNFS.ZS,Apertura comercial (Trade % PIB),1968,26.45
CHL,Chile,NE.TRD.GNFS.ZS,Apertura comercial (Trade % PIB),1967,26.62
CHL,Chile,NE.TRD.GNFS.ZS,Apertura comercial (Trade % PIB),1966,27.38
CHL,Chile,NE.TRD.GNFS.ZS,Apertura comercial (Trade % PIB),1965,25.62
CHL,Chile,NE.TRD.GNFS.ZS,Apertura comercial (Trade % PIB),1964,25.05
CHL,Chile,NE.TRD.GNFS.ZS,Apertura comercial (Trade % PIB),1963,26.54
CHL,Chile,NE.TRD.GNFS.ZS,Apertura comercial (Trade % PIB),1962,23.59
CHL,Chile,NE.TRD.GNFS.ZS,Apertura comercial (Trade % PIB),1961,26.28
CHL,Chile,NE.TRD.GNFS.ZS,Apertura comercial (Trade % PIB),1960,28.2
CHL,Chile,NE.EXP.GNFS.ZS,Exportaciones (% PIB),2023,30.81
CHL,Chile,NE.EXP.GNFS.ZS,Exportaciones (% PIB),2022,35.61
CHL,Chile,NE.EXP.GNFS.ZS,Exportaciones (% PIB),2021,31.99
CHL,Chile,NE.EXP.GNFS.ZS,Exportaciones (% PIB),2020,31.33
CHL,Chile,NE.EXP.GNFS.ZS,Exportaciones (% PIB),2019,27.87
CHL,Chile,NE.EXP.GNFS.ZS,Exportaciones (% PIB),2018,28.53
CHL,Chile,NE.EXP.GNFS.ZS,Exportaciones (% PIB),2017,28.33
CHL,Chile,NE.EXP.GNFS.ZS,Exportaciones (% PIB),2016,27.92
CHL,Chile,NE.EXP.GNFS.ZS,Exportaciones (% PIB),2015,29.19
CHL,Chile,NE.EXP.GNFS.ZS,Exportaciones (% PIB),2014,33.0
CHL,Chile,NE.EXP.GNFS.ZS,Exportaciones (% PIB),2013,32.09
CHL,Chile,NE.EXP.GNFS.ZS,Exportaciones (% PIB),2012,33.85
CHL,Chile,NE.EXP.GNFS.ZS,Exportaciones (% PIB),2011,37.69
CHL,Chile,NE.EXP.GNFS.ZS,Exportaciones (% PIB),2010,37.9
CHL,Chile,NE.EXP.GNFS.ZS,Exportaciones (% PIB),2009,37.12
CHL,Chile,NE.EXP.GNFS.ZS,Exportaciones (% PIB),2008,41.16
CHL,Chile,NE.EXP.GNFS.ZS,Exportaciones (% PIB),2007,45.13
CHL,Chile,NE.EXP.GNFS.ZS,Exportaciones (% PIB),2006,43.87
CHL,Chile,NE.EXP.GNFS.ZS,Exportaciones (% PIB),2005,40.18
CHL,Chile,NE.EXP.GNFS.ZS,Exportaciones (% PIB),2004,39.69
CHL,Chile,NE.EXP.GNFS.ZS,Exportaciones (% PIB),2003,35.06
CHL,Chile,NE.EXP.GNFS.ZS,Exportaciones (% PIB),2002,32.26
CHL,Chile,NE.EXP.GNFS.ZS,Exportaciones (% PIB),2001,31.85
CHL,Chile,NE.EXP.GNFS.ZS,Exportaciones (% PIB),2000,30.12
CHL,Chile,NE.EXP.GNFS.ZS,Exportaciones (% PIB),1999,28.31
CHL,Chile,NE.EXP.GNFS.ZS,Exportaciones (% PIB),1998,25.14
CHL,Chile,NE.EXP.GNFS.ZS,Exportaciones (% PIB),1997,25.88
CHL,Chile,NE.EXP.GNFS.ZS,Exportaciones (% PIB),1996,25.95
CHL,Chile,NE.EXP.GNFS.ZS,Exportaciones (% PIB),1995,28.48
CHL,Chile,NE.EXP.GNFS.ZS,Exportaciones (% PIB),1994,27.25
CHL,Chile,NE.EXP.GNFS.ZS,Exportaciones (% PIB),1993,25.55
CHL,Chile,NE.EXP.GNFS.ZS,Exportaciones (% PIB),1992,28.6
CHL,Chile,NE.EXP.GNFS.ZS,Exportaciones (% PIB),1991,30.98
CHL,Chile,NE.EXP.GNFS.ZS,Exportaciones (% PIB),1990,32.21
CHL,Chile,NE.EXP.GNFS.ZS,Exportaciones (% PIB),1989,33.52
CHL,Chile,NE.EXP.GNFS.ZS,Exportaciones (% PIB),1988,32.31
CHL,Chile,NE.EXP.GNFS.ZS,Exportaciones (% PIB),1987,27.9
CHL,Chile,NE.EXP.GNFS.ZS,Exportaciones (% PIB),1986,26.89
CHL,Chile,NE.EXP.GNFS.ZS,Exportaciones (% PIB),1985,25.94
CHL,Chile,NE.EXP.GNFS.ZS,Exportaciones (% PIB),1984,22.46
CHL,Chile,NE.EXP.GNFS.ZS,Exportaciones (% PIB),1983,23.12
CHL,Chile,NE.EXP.GNFS.ZS,Exportaciones (% PIB),1982,18.44
CHL,Chile,NE.EXP.GNFS.ZS,Exportaciones (% PIB),1981,15.25
CHL,Chile,NE.EXP.GNFS.ZS,Exportaciones (% PIB),1980,21.27
CHL,Chile,NE.EXP.GNFS.ZS,Exportaciones (% PIB),1979,21.69
CHL,Chile,NE.EXP.GNFS.ZS,Exportaciones (% PIB),1978,19.36
CHL,Chile,NE.EXP.GNFS.ZS,Exportaciones (% PIB),1977,19.3
CHL,Chile,NE.EXP.GNFS.ZS,Exportaciones (% PIB),1976,23.52
CHL,Chile,NE.EXP.GNFS.ZS,Exportaciones (% PIB),1975,23.52
CHL,Chile,NE.EXP.GNFS.ZS,Exportaciones (% PIB),1974,19.09
CHL,Chile,NE.EXP.GNFS.ZS,Exportaciones (% PIB),1973,12.98
CHL,Chile,NE.EXP.GNFS.ZS,Exportaciones (% PIB),1972,9.38
CHL,Chile,NE.EXP.GNFS.ZS,Exportaciones (% PIB),1971,10.72
CHL,Chile,NE.EXP.GNFS.ZS,Exportaciones (% PIB),1970,14.17
CHL,Chile,NE.EXP.GNFS.ZS,Exportaciones (% PIB),1969,15.9
CHL,Chile,NE.EXP.GNFS.ZS,Exportaciones (% PIB),1968,13.52
CHL,Chile,NE.EXP.GNFS.ZS,Exportaciones (% PIB),1967,13.88
CHL,Chile,NE.EXP.GNFS.ZS,Exportaciones (% PIB),1966,14.15
CHL,Chile,NE.EXP.GNFS.ZS,Exportaciones (% PIB),1965,13.12
CHL,Chile,NE.EXP.GNFS.ZS,Exportaciones (% PIB),1964,12.04
CHL,Chile,NE.EXP.GNFS.ZS,Exportaciones (% PIB),1963,12.06
CHL,Chile,NE.EXP.GNFS.ZS,Exportaciones (% PIB),1962,11.09
CHL,Chile,NE.EXP.GNFS.ZS,Exportaciones (% PIB),1961,11.13
CHL,Chile,NE.EXP.GNFS.ZS,Exportaciones (% PIB),1960,12.74
CHL,Chile,NE.IMP.GNFS.ZS,Importaciones (% PIB),2023,29.91
CHL,Chile,NE.IMP.GNFS.ZS,Importaciones (% PIB),2022,39.59
CHL,Chile,NE.IMP.GNFS.ZS,Importaciones (% PIB),2021,32.88
CHL,Chile,NE.IMP.GNFS.ZS,Importaciones (% PIB),2020,26.85
CHL,Chile,NE.IMP.GNFS.ZS,Importaciones (% PIB),2019,29.74
CHL,Chile,NE.IMP.GNFS.ZS,Importaciones (% PIB),2018,29.65
CHL,Chile,NE.IMP.GNFS.ZS,Importaciones (% PIB),2017,27.69
CHL,Chile,NE.IMP.GNFS.ZS,Importaciones (% PIB),2016,28.13
CHL,Chile,NE.IMP.GNFS.ZS,Importaciones (% PIB),2015,30.16
CHL,Chile,NE.IMP.GNFS.ZS,Importaciones (% PIB),2014,32.63
CHL,Chile,NE.IMP.GNFS.ZS,Importaciones (% PIB),2013,33.06
CHL,Chile,NE.IMP.GNFS.ZS,Importaciones (% PIB),2012,34.31
CHL,Chile,NE.IMP.GNFS.ZS,Importaciones (% PIB),2011,34.79
CHL,Chile,NE.IMP.GNFS.ZS,Importaciones (% PIB),2010,31.81
CHL,Chile,NE.IMP.GNFS.ZS,Importaciones (% PIB),2009,29.57
CHL,Chile,NE.IMP.GNFS.ZS,Importaciones (% PIB),2008,39.51
CHL,Chile,NE.IMP.GNFS.ZS,Importaciones (% PIB),2007,31.85
CHL,Chile,NE.IMP.GNFS.ZS,Importaciones (% PIB),2006,29.85
CHL,Chile,NE.IMP.GNFS.ZS,Importaciones (% PIB),2005,31.89
CHL,Chile,NE.IMP.GNFS.ZS,Importaciones (% PIB),2004,30.2
CHL,Chile,NE.IMP.GNFS.ZS,Importaciones (% PIB),2003,30.63
CHL,Chile,NE.IMP.GNFS.ZS,Importaciones (% PIB),2002,30.23
CHL,Chile,NE.IMP.GNFS.ZS,Importaciones (% PIB),2001,30.3
CHL,Chile,NE.IMP.GNFS.ZS,Importaciones (% PIB),2000,28.59
CHL,Chile,NE.IMP.GNFS.ZS,Importaciones (% PIB),1999,26.39
CHL,Chile,NE.IMP.GNFS.ZS,Importaciones (% PIB),1998,28.69
CHL,Chile,NE.IMP.GNFS.ZS,Importaciones (% PIB),1997,28.22
CHL,Chile,NE.IMP.GNFS.ZS,Importaciones (% PIB),1996,27.97
CHL,Chile,NE.IMP.GNFS.ZS,Importaciones (% PIB),1995,26.21
CHL,Chile,NE.IMP.GNFS.ZS,Importaciones (% PIB),1994,25.55
CHL,Chile,NE.IMP.GNFS.ZS,Importaciones (% PIB),1993,27.37
CHL,Chile,NE.IMP.GNFS.ZS,Importaciones (% PIB),1992,26.95
CHL,Chile,NE.IMP.GNFS.ZS,Importaciones (% PIB),1991,26.52
CHL,Chile,NE.IMP.GNFS.ZS,Importaciones (% PIB),1990,29.0
CHL,Chile,NE.IMP.GNFS.ZS,Importaciones (% PIB),1989,29.11
CHL,Chile,NE.IMP.GNFS.ZS,Importaciones (% PIB),1988,25.85
CHL,Chile,NE.IMP.GNFS.ZS,Importaciones (% PIB),1987,25.44
CHL,Chile,NE.IMP.GNFS.ZS,Importaciones (% PIB),1986,24.35
CHL,Chile,NE.IMP.GNFS.ZS,Importaciones (% PIB),1985,24.04
CHL,Chile,NE.IMP.GNFS.ZS,Importaciones (% PIB),1984,24.09
CHL,Chile,NE.IMP.GNFS.ZS,Importaciones (% PIB),1983,21.12
CHL,Chile,NE.IMP.GNFS.ZS,Importaciones (% PIB),1982,21.06
CHL,Chile,NE.IMP.GNFS.ZS,Importaciones (% PIB),1981,25.72
CHL,Chile,NE.IMP.GNFS.ZS,Importaciones (% PIB),1980,25.96
CHL,Chile,NE.IMP.GNFS.ZS,Importaciones (% PIB),1979,25.04
CHL,Chile,NE.IMP.GNFS.ZS,Importaciones (% PIB),1978,23.11
CHL,Chile,NE.IMP.GNFS.ZS,Importaciones (% PIB),1977,21.55
CHL,Chile,NE.IMP.GNFS.ZS,Importaciones (% PIB),1976,19.95
CHL,Chile,NE.IMP.GNFS.ZS,Importaciones (% PIB),1975,25.92
CHL,Chile,NE.IMP.GNFS.ZS,Importaciones (% PIB),1974,18.87
CHL,Chile,NE.IMP.GNFS.ZS,Importaciones (% PIB),1973,15.02
CHL,Chile,NE.IMP.GNFS.ZS,Importaciones (% PIB),1972,12.92
CHL,Chile,NE.IMP.GNFS.ZS,Importaciones (% PIB),1971,11.91
CHL,Chile,NE.IMP.GNFS.ZS,Importaciones (% PIB),1970,13.79
CHL,Chile,NE.IMP.GNFS.ZS,Importaciones (% PIB),1969,13.9
CHL,Chile,NE.IMP.GNFS.ZS,Importaciones (% PIB),1968,12.93
CHL,Chile,NE.IMP.GNFS.ZS,Importaciones (% PIB),1967,12.75
CHL,Chile,NE.IMP.GNFS.ZS,Importaciones (% PIB),1966,13.23
CHL,Chile,NE.IMP.GNFS.ZS,Importaciones (% PIB),1965,12.5
CHL,Chile,NE.IMP.GNFS.ZS,Importaciones (% PIB),1964,13.01
CHL,Chile,NE.IMP.GNFS.ZS,Importaciones (% PIB),1963,14.48
CHL,Chile,NE.IMP.GNFS.ZS,Importaciones (% PIB),1962,12.5
CHL,Chile,NE.IMP.GNFS.ZS,Importaciones (% PIB),1961,15.15
CHL,Chile,NE.IMP.GNFS.ZS,Importaciones (% PIB),1960,15.45
CHL,Chile,BN.CAB.XOKA.GD.ZS,Cuenta corriente (% PIB),2023,-3.13
CHL,Chile,BN.CAB.XOKA.GD.ZS,Cuenta corriente (% PIB),2022,-8.85
CHL,Chile,BN.CAB.XOKA.GD.ZS,Cuenta corriente (% PIB),2021,-7.28
CHL,Chile,BN.CAB.XOKA.GD.ZS,Cuenta corriente (% PIB),2020,-1.95
CHL,Chile,BN.CAB.XOKA.GD.ZS,Cuenta corriente (% PIB),2019,-5.21
CHL,Chile,BN.CAB.XOKA.GD.ZS,Cuenta corriente (% PIB),2018,-4.48
CHL,Chile,BN.CAB.XOKA.GD.ZS,Cuenta corriente (% PIB),2017,-2.76
CHL,Chile,BN.CAB.XOKA.GD.ZS,Cuenta corriente (% PIB),2016,-2.62
CHL,Chile,BN.CAB.XOKA.GD.ZS,Cuenta corriente (% PIB),2015,-2.74
CHL,Chile,BN.CAB.XOKA.GD.ZS,Cuenta corriente (% PIB),2014,-3.46
CHL,Chile,BN.CAB.XOKA.GD.ZS,Cuenta corriente (% PIB),2013,-4.78
CHL,Chile,BN.CAB.XOKA.GD.ZS,Cuenta corriente (% PIB),2012,-5.33
CHL,Chile,BN.CAB.XOKA.GD.ZS,Cuenta corriente (% PIB),2011,-4.92
CHL,Chile,BN.CAB.XOKA.GD.ZS,Cuenta corriente (% PIB),2010,0.9
CHL,Chile,BN.CAB.XOKA.GD.ZS,Cuenta corriente (% PIB),2009,1.44
CHL,Chile,BN.CAB.XOKA.GD.ZS,Cuenta corriente (% PIB),2008,-4.19
CHL,Chile,BN.CAB.XOKA.GD.ZS,Cuenta corriente (% PIB),2007,5.06
CHL,Chile,BN.CAB.XOKA.GD.ZS,Cuenta corriente (% PIB),2006,5.5
CHL,Chile,BN.CAB.XOKA.GD.ZS,Cuenta corriente (% PIB),2005,1.91
CHL,Chile,BN.CAB.XOKA.GD.ZS,Cuenta corriente (% PIB),2004,3.26
CHL,Chile,BN.CAB.XOKA.GD.ZS,Cuenta corriente (% PIB),2003,0.21
CHL,Chile,BN.CAB.XOKA.GD.ZS,Cuenta corriente (% PIB),2002,-0.83
CHL,Chile,BN.CAB.XOKA.GD.ZS,Cuenta corriente (% PIB),2001,-1.54
CHL,Chile,BN.CAB.XOKA.GD.ZS,Cuenta corriente (% PIB),2000,-1.15
CHL,Chile,BN.CAB.XOKA.GD.ZS,Cuenta corriente (% PIB),1999,0.13
CHL,Chile,BN.CAB.XOKA.GD.ZS,Cuenta corriente (% PIB),1998,-4.78
CHL,Chile,BN.CAB.XOKA.GD.ZS,Cuenta corriente (% PIB),1997,-4.27
CHL,Chile,BN.CAB.XOKA.GD.ZS,Cuenta corriente (% PIB),1996,-3.92
CHL,Chile,BN.CAB.XOKA.GD.ZS,Cuenta corriente (% PIB),1995,-1.83
CHL,Chile,BN.CAB.XOKA.GD.ZS,Cuenta corriente (% PIB),1994,-2.76
CHL,Chile,BN.CAB.XOKA.GD.ZS,Cuenta corriente (% PIB),1993,-5.11
CHL,Chile,BN.CAB.XOKA.GD.ZS,Cuenta corriente (% PIB),1992,-2.06
CHL,Chile,BN.CAB.XOKA.GD.ZS,Cuenta corriente (% PIB),1991,-0.26
CHL,Chile,BN.CAB.XOKA.GD.ZS,Cuenta corriente (% PIB),1990,-1.45
CHL,Chile,BN.CAB.XOKA.GD.ZS,Cuenta corriente (% PIB),1989,-2.3
CHL,Chile,BN.CAB.XOKA.GD.ZS,Cuenta corriente (% PIB),1988,-0.88
CHL,Chile,BN.CAB.XOKA.GD.ZS,Cuenta corriente (% PIB),1987,-3.25
CHL,Chile,BN.CAB.XOKA.GD.ZS,Cuenta corriente (% PIB),1986,-6.21
CHL,Chile,BN.CAB.XOKA.GD.ZS,Cuenta corriente (% PIB),1985,-7.88
CHL,Chile,BN.CAB.XOKA.GD.ZS,Cuenta corriente (% PIB),1984,-10.57
CHL,Chile,BN.CAB.XOKA.GD.ZS,Cuenta corriente (% PIB),1983,-5.41
CHL,Chile,BN.CAB.XOKA.GD.ZS,Cuenta corriente (% PIB),1982,-11.69
CHL,Chile,BN.CAB.XOKA.GD.ZS,Cuenta corriente (% PIB),1981,-13.45
CHL,Chile,BN.CAB.XOKA.GD.ZS,Cuenta corriente (% PIB),1980,-6.66
CHL,Chile,BN.CAB.XOKA.GD.ZS,Cuenta corriente (% PIB),1979,-5.34
CHL,Chile,BN.CAB.XOKA.GD.ZS,Cuenta corriente (% PIB),1978,-6.65
CHL,Chile,BN.CAB.XOKA.GD.ZS,Cuenta corriente (% PIB),1977,-3.86
CHL,Chile,BN.CAB.XOKA.GD.ZS,Cuenta corriente (% PIB),1976,1.41
CHL,Chile,BN.CAB.XOKA.GD.ZS,Cuenta corriente (% PIB),1975,-6.27
CHN,China,NE.TRD.GNFS.ZS,Apertura comercial (Trade % PIB),2023,36.11
CHN,China,NE.TRD.GNFS.ZS,Apertura comercial (Trade % PIB),2022,37.44
CHN,China,NE.TRD.GNFS.ZS,Apertura comercial (Trade % PIB),2021,36.52
CHN,China,NE.TRD.GNFS.ZS,Apertura comercial (Trade % PIB),2020,34.04
CHN,China,NE.TRD.GNFS.ZS,Apertura comercial (Trade % PIB),2019,35.2
CHN,China,NE.TRD.GNFS.ZS,Apertura comercial (Trade % PIB),2018,36.89
CHN,China,NE.TRD.GNFS.ZS,Apertura comercial (Trade % PIB),2017,36.95
CHN,China,NE.TRD.GNFS.ZS,Apertura comercial (Trade % PIB),2016,36.18
CHN,China,NE.TRD.GNFS.ZS,Apertura comercial (Trade % PIB),2015,38.7
CHN,China,NE.TRD.GNFS.ZS,Apertura comercial (Trade % PIB),2014,44.07
CHN,China,NE.TRD.GNFS.ZS,Apertura comercial (Trade % PIB),2013,45.92
CHN,China,NE.TRD.GNFS.ZS,Apertura comercial (Trade % PIB),2012,47.48
CHN,China,NE.TRD.GNFS.ZS,Apertura comercial (Trade % PIB),2011,49.95
CHN,China,NE.TRD.GNFS.ZS,Apertura comercial (Trade % PIB),2010,49.85
CHN,China,NE.TRD.GNFS.ZS,Apertura comercial (Trade % PIB),2009,44.42
CHN,China,NE.TRD.GNFS.ZS,Apertura comercial (Trade % PIB),2008,56.71
CHN,China,NE.TRD.GNFS.ZS,Apertura comercial (Trade % PIB),2007,61.27
CHN,China,NE.TRD.GNFS.ZS,Apertura comercial (Trade % PIB),2006,63.57
CHN,China,NE.TRD.GNFS.ZS,Apertura comercial (Trade % PIB),2005,61.36
CHN,China,NE.TRD.GNFS.ZS,Apertura comercial (Trade % PIB),2004,58.64
CHN,China,NE.TRD.GNFS.ZS,Apertura comercial (Trade % PIB),2003,51.08
CHN,China,NE.TRD.GNFS.ZS,Apertura comercial (Trade % PIB),2002,42.19
CHN,China,NE.TRD.GNFS.ZS,Apertura comercial (Trade % PIB),2001,38.08
CHN,China,NE.TRD.GNFS.ZS,Apertura comercial (Trade % PIB),2000,39.01
CHN,China,NE.TRD.GNFS.ZS,Apertura comercial (Trade % PIB),1999,33.23
CHN,China,NE.TRD.GNFS.ZS,Apertura comercial (Trade % PIB),1998,32.17
CHN,China,NE.TRD.GNFS.ZS,Apertura comercial (Trade % PIB),1997,34.31
CHN,China,NE.TRD.GNFS.ZS,Apertura comercial (Trade % PIB),1996,33.63
CHN,China,NE.TRD.GNFS.ZS,Apertura comercial (Trade % PIB),1995,34.1
CHN,China,NE.TRD.GNFS.ZS,Apertura comercial (Trade % PIB),1994,35.61
CHN,China,NE.TRD.GNFS.ZS,Apertura comercial (Trade % PIB),1993,35.91
CHN,China,NE.TRD.GNFS.ZS,Apertura comercial (Trade % PIB),1992,30.03
CHN,China,NE.TRD.GNFS.ZS,Apertura comercial (Trade % PIB),1991,25.87
CHN,China,NE.TRD.GNFS.ZS,Apertura comercial (Trade % PIB),1990,24.23
CHN,China,NE.TRD.GNFS.ZS,Apertura comercial (Trade % PIB),1989,25.06
CHN,China,NE.TRD.GNFS.ZS,Apertura comercial (Trade % PIB),1988,30.01
CHN,China,NE.TRD.GNFS.ZS,Apertura comercial (Trade % PIB),1987,24.81
CHN,China,NE.TRD.GNFS.ZS,Apertura comercial (Trade % PIB),1986,19.85
CHN,China,NE.TRD.GNFS.ZS,Apertura comercial (Trade % PIB),1985,20.67
CHN,China,NE.TRD.GNFS.ZS,Apertura comercial (Trade % PIB),1984,19.0
CHN,China,NE.TRD.GNFS.ZS,Apertura comercial (Trade % PIB),1983,17.89
CHN,China,NE.TRD.GNFS.ZS,Apertura comercial (Trade % PIB),1982,19.66
CHN,China,NE.TRD.GNFS.ZS,Apertura comercial (Trade % PIB),1981,23.74
CHN,China,NE.TRD.GNFS.ZS,Apertura comercial (Trade % PIB),1980,21.54
CHN,China,NE.TRD.GNFS.ZS,Apertura comercial (Trade % PIB),1979,16.52
CHN,China,NE.TRD.GNFS.ZS,Apertura comercial (Trade % PIB),1978,15.4
CHN,China,NE.TRD.GNFS.ZS,Apertura comercial (Trade % PIB),1977,9.32
CHN,China,NE.TRD.GNFS.ZS,Apertura comercial (Trade % PIB),1976,9.59
CHN,China,NE.TRD.GNFS.ZS,Apertura comercial (Trade % PIB),1975,9.98
CHN,China,NE.TRD.GNFS.ZS,Apertura comercial (Trade % PIB),1974,10.34
CHN,China,NE.TRD.GNFS.ZS,Apertura comercial (Trade % PIB),1973,8.08
CHN,China,NE.TRD.GNFS.ZS,Apertura comercial (Trade % PIB),1972,5.67
CHN,China,NE.TRD.GNFS.ZS,Apertura comercial (Trade % PIB),1971,4.95
CHN,China,NE.TRD.GNFS.ZS,Apertura comercial (Trade % PIB),1970,4.83
CHN,China,NE.TRD.GNFS.ZS,Apertura comercial (Trade % PIB),1969,4.94
CHN,China,NE.TRD.GNFS.ZS,Apertura comercial (Trade % PIB),1968,5.58
CHN,China,NE.TRD.GNFS.ZS,Apertura comercial (Trade % PIB),1967,5.58
CHN,China,NE.TRD.GNFS.ZS,Apertura comercial (Trade % PIB),1966,5.93
CHN,China,NE.TRD.GNFS.ZS,Apertura comercial (Trade % PIB),1965,5.9
CHN,China,NE.TRD.GNFS.ZS,Apertura comercial (Trade % PIB),1964,5.72
CHN,China,NE.TRD.GNFS.ZS,Apertura comercial (Trade % PIB),1963,5.66
CHN,China,NE.TRD.GNFS.ZS,Apertura comercial (Trade % PIB),1962,5.57
CHN,China,NE.TRD.GNFS.ZS,Apertura comercial (Trade % PIB),1961,5.81
CHN,China,NE.TRD.GNFS.ZS,Apertura comercial (Trade % PIB),1960,6.31
CHN,China,NE.EXP.GNFS.ZS,Exportaciones (% PIB),2023,19.1
CHN,China,NE.EXP.GNFS.ZS,Exportaciones (% PIB),2022,20.3
CHN,China,NE.EXP.GNFS.ZS,Exportaciones (% PIB),2021,19.53
CHN,China,NE.EXP.GNFS.ZS,Exportaciones (% PIB),2020,18.2
CHN,China,NE.EXP.GNFS.ZS,Exportaciones (% PIB),2019,18.06
CHN,China,NE.EXP.GNFS.ZS,Exportaciones (% PIB),2018,18.77
CHN,China,NE.EXP.GNFS.ZS,Exportaciones (% PIB),2017,19.34
CHN,China,NE.EXP.GNFS.ZS,Exportaciones (% PIB),2016,19.2
CHN,China,NE.EXP.GNFS.ZS,Exportaciones (% PIB),2015,20.94
CHN,China,NE.EXP.GNFS.ZS,Exportaciones (% PIB),2014,23.07
CHN,China,NE.EXP.GNFS.ZS,Exportaciones (% PIB),2013,24.16
CHN,China,NE.EXP.GNFS.ZS,Exportaciones (% PIB),2012,25.08
CHN,China,NE.EXP.GNFS.ZS,Exportaciones (% PIB),2011,26.15
CHN,China,NE.EXP.GNFS.ZS,Exportaciones (% PIB),2010,26.72
CHN,China,NE.EXP.GNFS.ZS,Exportaciones (% PIB),2009,24.33
CHN,China,NE.EXP.GNFS.ZS,Exportaciones (% PIB),2008,32.09
CHN,China,NE.EXP.GNFS.ZS,Exportaciones (% PIB),2007,34.91
CHN,China,NE.EXP.GNFS.ZS,Exportaciones (% PIB),2006,35.53
CHN,China,NE.EXP.GNFS.ZS,Exportaciones (% PIB),2005,33.37
CHN,China,NE.EXP.GNFS.ZS,Exportaciones (% PIB),2004,30.61
CHN,China,NE.EXP.GNFS.ZS,Exportaciones (% PIB),2003,26.6
CHN,China,NE.EXP.GNFS.ZS,Exportaciones (% PIB),2002,22.35
CHN,China,NE.EXP.GNFS.ZS,Exportaciones (% PIB),2001,20.08
CHN,China,NE.EXP.GNFS.ZS,Exportaciones (% PIB),2000,20.68
CHN,China,NE.EXP.GNFS.ZS,Exportaciones (% PIB),1999,18.0
CHN,China,NE.EXP.GNFS.ZS,Exportaciones (% PIB),1998,18.2
CHN,China,NE.EXP.GNFS.ZS,Exportaciones (% PIB),1997,19.37
CHN,China,NE.EXP.GNFS.ZS,Exportaciones (% PIB),1996,17.82
CHN,China,NE.EXP.GNFS.ZS,Exportaciones (% PIB),1995,17.86
CHN,China,NE.EXP.GNFS.ZS,Exportaciones (% PIB),1994,18.45
CHN,China,NE.EXP.GNFS.ZS,Exportaciones (% PIB),1993,16.63
CHN,China,NE.EXP.GNFS.ZS,Exportaciones (% PIB),1992,15.6
CHN,China,NE.EXP.GNFS.ZS,Exportaciones (% PIB),1991,14.45
CHN,China,NE.EXP.GNFS.ZS,Exportaciones (% PIB),1990,13.59
CHN,China,NE.EXP.GNFS.ZS,Exportaciones (% PIB),1989,11.82
CHN,China,NE.EXP.GNFS.ZS,Exportaciones (% PIB),1988,14.36
CHN,China,NE.EXP.GNFS.ZS,Exportaciones (% PIB),1987,12.46
CHN,China,NE.EXP.GNFS.ZS,Exportaciones (% PIB),1986,8.7
CHN,China,NE.EXP.GNFS.ZS,Exportaciones (% PIB),1985,8.32
CHN,China,NE.EXP.GNFS.ZS,Exportaciones (% PIB),1984,9.51
CHN,China,NE.EXP.GNFS.ZS,Exportaciones (% PIB),1983,9.5
CHN,China,NE.EXP.GNFS.ZS,Exportaciones (% PIB),1982,11.0
CHN,China,NE.EXP.GNFS.ZS,Exportaciones (% PIB),1981,12.42
CHN,China,NE.EXP.GNFS.ZS,Exportaciones (% PIB),1980,10.13
CHN,China,NE.EXP.GNFS.ZS,Exportaciones (% PIB),1979,7.82
CHN,China,NE.EXP.GNFS.ZS,Exportaciones (% PIB),1978,7.21
CHN,China,NE.EXP.GNFS.ZS,Exportaciones (% PIB),1977,4.72
CHN,China,NE.EXP.GNFS.ZS,Exportaciones (% PIB),1976,4.83
CHN,China,NE.EXP.GNFS.ZS,Exportaciones (% PIB),1975,4.87
CHN,China,NE.EXP.GNFS.ZS,Exportaciones (% PIB),1974,4.99
CHN,China,NE.EXP.GNFS.ZS,Exportaciones (% PIB),1973,4.29
CHN,China,NE.EXP.GNFS.ZS,Exportaciones (% PIB),1972,3.11
CHN,China,NE.EXP.GNFS.ZS,Exportaciones (% PIB),1971,2.71
CHN,China,NE.EXP.GNFS.ZS,Exportaciones (% PIB),1970,2.45
CHN,China,NE.EXP.GNFS.ZS,Exportaciones (% PIB),1969,2.77
CHN,China,NE.EXP.GNFS.ZS,Exportaciones (% PIB),1968,2.98
CHN,China,NE.EXP.GNFS.ZS,Exportaciones (% PIB),1967,2.95
CHN,China,NE.EXP.GNFS.ZS,Exportaciones (% PIB),1966,3.08
CHN,China,NE.EXP.GNFS.ZS,Exportaciones (% PIB),1965,3.18
CHN,China,NE.EXP.GNFS.ZS,Exportaciones (% PIB),1964,3.24
CHN,China,NE.EXP.GNFS.ZS,Exportaciones (% PIB),1963,3.28
CHN,China,NE.EXP.GNFS.ZS,Exportaciones (% PIB),1962,3.18
CHN,China,NE.EXP.GNFS.ZS,Exportaciones (% PIB),1961,3.0
CHN,China,NE.EXP.GNFS.ZS,Exportaciones (% PIB),1960,3.15
CHN,China,NE.IMP.GNFS.ZS,Importaciones (% PIB),2023,17.0
CHN,China,NE.IMP.GNFS.ZS,Importaciones (% PIB),2022,17.14
CHN,China,NE.IMP.GNFS.ZS,Importaciones (% PIB),2021,16.99
CHN,China,NE.IMP.GNFS.ZS,Importaciones (% PIB),2020,15.84
CHN,China,NE.IMP.GNFS.ZS,Importaciones (% PIB),2019,17.14
CHN,China,NE.IMP.GNFS.ZS,Importaciones (% PIB),2018,18.12
CHN,China,NE.IMP.GNFS.ZS,Importaciones (% PIB),2017,17.62
CHN,China,NE.IMP.GNFS.ZS,Importaciones (% PIB),2016,16.97
CHN,China,NE.IMP.GNFS.ZS,Importaciones (% PIB),2015,17.76
CHN,China,NE.IMP.GNFS.ZS,Importaciones (% PIB),2014,21.0
CHN,China,NE.IMP.GNFS.ZS,Importaciones (% PIB),2013,21.75
CHN,China,NE.IMP.GNFS.ZS,Importaciones (% PIB),2012,22.4
CHN,China,NE.IMP.GNFS.ZS,Importaciones (% PIB),2011,23.79
CHN,China,NE.IMP.GNFS.ZS,Importaciones (% PIB),2010,23.13
CHN,China,NE.IMP.GNFS.ZS,Importaciones (% PIB),2009,20.09
CHN,China,NE.IMP.GNFS.ZS,Importaciones (% PIB),2008,24.62
CHN,China,NE.IMP.GNFS.ZS,Importaciones (% PIB),2007,26.36
CHN,China,NE.IMP.GNFS.ZS,Importaciones (% PIB),2006,28.04
CHN,China,NE.IMP.GNFS.ZS,Importaciones (% PIB),2005,27.99
CHN,China,NE.IMP.GNFS.ZS,Importaciones (% PIB),2004,28.03
CHN,China,NE.IMP.GNFS.ZS,Importaciones (% PIB),2003,24.48
CHN,China,NE.IMP.GNFS.ZS,Importaciones (% PIB),2002,19.84
CHN,China,NE.IMP.GNFS.ZS,Importaciones (% PIB),2001,18.0
CHN,China,NE.IMP.GNFS.ZS,Importaciones (% PIB),2000,18.33
CHN,China,NE.IMP.GNFS.ZS,Importaciones (% PIB),1999,15.22
CHN,China,NE.IMP.GNFS.ZS,Importaciones (% PIB),1998,13.97
CHN,China,NE.IMP.GNFS.ZS,Importaciones (% PIB),1997,14.94
CHN,China,NE.IMP.GNFS.ZS,Importaciones (% PIB),1996,15.8
CHN,China,NE.IMP.GNFS.ZS,Importaciones (% PIB),1995,16.24
CHN,China,NE.IMP.GNFS.ZS,Importaciones (% PIB),1994,17.15
CHN,China,NE.IMP.GNFS.ZS,Importaciones (% PIB),1993,19.27
CHN,China,NE.IMP.GNFS.ZS,Importaciones (% PIB),1992,14.43
CHN,China,NE.IMP.GNFS.ZS,Importaciones (% PIB),1991,11.43
CHN,China,NE.IMP.GNFS.ZS,Importaciones (% PIB),1990,10.64
CHN,China,NE.IMP.GNFS.ZS,Importaciones (% PIB),1989,13.24
CHN,China,NE.IMP.GNFS.ZS,Importaciones (% PIB),1988,15.66
CHN,China,NE.IMP.GNFS.ZS,Importaciones (% PIB),1987,12.35
CHN,China,NE.IMP.GNFS.ZS,Importaciones (% PIB),1986,11.15
CHN,China,NE.IMP.GNFS.ZS,Importaciones (% PIB),1985,12.35
CHN,China,NE.IMP.GNFS.ZS,Importaciones (% PIB),1984,9.49
CHN,China,NE.IMP.GNFS.ZS,Importaciones (% PIB),1983,8.39
CHN,China,NE.IMP.GNFS.ZS,Importaciones (% PIB),1982,8.66
CHN,China,NE.IMP.GNFS.ZS,Importaciones (% PIB),1981,11.32
CHN,China,NE.IMP.GNFS.ZS,Importaciones (% PIB),1980,11.41
CHN,China,NE.IMP.GNFS.ZS,Importaciones (% PIB),1979,8.7
CHN,China,NE.IMP.GNFS.ZS,Importaciones (% PIB),1978,8.19
CHN,China,NE.IMP.GNFS.ZS,Importaciones (% PIB),1977,4.6
CHN,China,NE.IMP.GNFS.ZS,Importaciones (% PIB),1976,4.77
CHN,China,NE.IMP.GNFS.ZS,Importaciones (% PIB),1975,5.1
CHN,China,NE.IMP.GNFS.ZS,Importaciones (% PIB),1974,5.34
CHN,China,NE.IMP.GNFS.ZS,Importaciones (% PIB),1973,3.79
CHN,China,NE.IMP.GNFS.ZS,Importaciones (% PIB),1972,2.56
CHN,China,NE.IMP.GNFS.ZS,Importaciones (% PIB),1971,2.23
CHN,China,NE.IMP.GNFS.ZS,Importaciones (% PIB),1970,2.37
CHN,China,NE.IMP.GNFS.ZS,Importaciones (% PIB),1969,2.17
CHN,China,NE.IMP.GNFS.ZS,Importaciones (% PIB),1968,2.6
CHN,China,NE.IMP.GNFS.ZS,Importaciones (% PIB),1967,2.63
CHN,China,NE.IMP.GNFS.ZS,Importaciones (% PIB),1966,2.84
CHN,China,NE.IMP.GNFS.ZS,Importaciones (% PIB),1965,2.72
CHN,China,NE.IMP.GNFS.ZS,Importaciones (% PIB),1964,2.48
CHN,China,NE.IMP.GNFS.ZS,Importaciones (% PIB),1963,2.38
CHN,China,NE.IMP.GNFS.ZS,Importaciones (% PIB),1962,2.38
CHN,China,NE.IMP.GNFS.ZS,Importaciones (% PIB),1961,2.81
CHN,China,NE.IMP.GNFS.ZS,Importaciones (% PIB),1960,3.16
CHN,China,BN.CAB.XOKA.GD.ZS,Cuenta corriente (% PIB),2023,1.44
CHN,China,BN.CAB.XOKA.GD.ZS,Cuenta corriente (% PIB),2022,2.42
CHN,China,BN.CAB.XOKA.GD.ZS,Cuenta corriente (% PIB),2021,1.94
CHN,China,BN.CAB.XOKA.GD.ZS,Cuenta corriente (% PIB),2020,1.66
CHN,China,BN.CAB.XOKA.GD.ZS,Cuenta corriente (% PIB),2019,0.71
CHN,China,BN.CAB.XOKA.GD.ZS,Cuenta corriente (% PIB),2018,0.17
CHN,China,BN.CAB.XOKA.GD.ZS,Cuenta corriente (% PIB),2017,1.5
CHN,China,BN.CAB.XOKA.GD.ZS,Cuenta corriente (% PIB),2016,1.67
CHN,China,BN.CAB.XOKA.GD.ZS,Cuenta corriente (% PIB),2015,2.6
CHN,China,BN.CAB.XOKA.GD.ZS,Cuenta corriente (% PIB),2014,2.21
CHN,China,BN.CAB.XOKA.GD.ZS,Cuenta corriente (% PIB),2013,1.52
CHN,China,BN.CAB.XOKA.GD.ZS,Cuenta corriente (% PIB),2012,2.48
CHN,China,BN.CAB.XOKA.GD.ZS,Cuenta corriente (% PIB),2011,1.77
CHN,China,BN.CAB.XOKA.GD.ZS,Cuenta corriente (% PIB),2010,3.84
CHN,China,BN.CAB.XOKA.GD.ZS,Cuenta corriente (% PIB),2009,4.69
CHN,China,BN.CAB.XOKA.GD.ZS,Cuenta corriente (% PIB),2008,9.01
CHN,China,BN.CAB.XOKA.GD.ZS,Cuenta corriente (% PIB),2007,9.8
CHN,China,BN.CAB.XOKA.GD.ZS,Cuenta corriente (% PIB),2006,8.31
CHN,China,BN.CAB.XOKA.GD.ZS,Cuenta corriente (% PIB),2005,5.71
CHN,China,BN.CAB.XOKA.GD.ZS,Cuenta corriente (% PIB),2004,3.47
CHN,China,BN.CAB.XOKA.GD.ZS,Cuenta corriente (% PIB),2003,2.56
CHN,China,BN.CAB.XOKA.GD.ZS,Cuenta corriente (% PIB),2002,2.38
CHN,China,BN.CAB.XOKA.GD.ZS,Cuenta corriente (% PIB),2001,1.28
CHN,China,BN.CAB.XOKA.GD.ZS,Cuenta corriente (% PIB),2000,1.68
CHN,China,BN.CAB.XOKA.GD.ZS,Cuenta corriente (% PIB),1999,1.91
CHN,China,BN.CAB.XOKA.GD.ZS,Cuenta corriente (% PIB),1998,3.03
CHN,China,BN.CAB.XOKA.GD.ZS,Cuenta corriente (% PIB),1997,3.82
CHN,China,BN.CAB.XOKA.GD.ZS,Cuenta corriente (% PIB),1996,0.83
CHN,China,BN.CAB.XOKA.GD.ZS,Cuenta corriente (% PIB),1995,0.22
CHN,China,BN.CAB.XOKA.GD.ZS,Cuenta corriente (% PIB),1994,1.22
CHN,China,BN.CAB.XOKA.GD.ZS,Cuenta corriente (% PIB),1993,-2.6
CHN,China,BN.CAB.XOKA.GD.ZS,Cuenta corriente (% PIB),1992,1.49
CHN,China,BN.CAB.XOKA.GD.ZS,Cuenta corriente (% PIB),1991,3.45
CHN,China,BN.CAB.XOKA.GD.ZS,Cuenta corriente (% PIB),1990,3.32
CHN,China,BN.CAB.XOKA.GD.ZS,Cuenta corriente (% PIB),1989,-1.24
CHN,China,BN.CAB.XOKA.GD.ZS,Cuenta corriente (% PIB),1988,-1.22
CHN,China,BN.CAB.XOKA.GD.ZS,Cuenta corriente (% PIB),1987,0.11
CHN,China,BN.CAB.XOKA.GD.ZS,Cuenta corriente (% PIB),1986,-2.33
CHN,China,BN.CAB.XOKA.GD.ZS,Cuenta corriente (% PIB),1985,-3.68
CHN,China,BN.CAB.XOKA.GD.ZS,Cuenta corriente (% PIB),1984,0.78
CHN,China,BN.CAB.XOKA.GD.ZS,Cuenta corriente (% PIB),1983,1.83
CHN,China,BN.CAB.XOKA.GD.ZS,Cuenta corriente (% PIB),1982,2.76
USA,Estados Unidos,NE.TRD.GNFS.ZS,Apertura comercial (Trade % PIB),2023,25.29
USA,Estados Unidos,NE.TRD.GNFS.ZS,Apertura comercial (Trade % PIB),2022,27.31
USA,Estados Unidos,NE.TRD.GNFS.ZS,Apertura comercial (Trade % PIB),2021,25.61
USA,Estados Unidos,NE.TRD.GNFS.ZS,Apertura comercial (Trade % PIB),2020,23.4
USA,Estados Unidos,NE.TRD.GNFS.ZS,Apertura comercial (Trade % PIB),2019,26.45
USA,Estados Unidos,NE.TRD.GNFS.ZS,Apertura comercial (Trade % PIB),2018,27.61
USA,Estados Unidos,NE.TRD.GNFS.ZS,Apertura comercial (Trade % PIB),2017,27.31
USA,Estados Unidos,NE.TRD.GNFS.ZS,Apertura comercial (Trade % PIB),2016,26.61
USA,Estados Unidos,NE.TRD.GNFS.ZS,Apertura comercial (Trade % PIB),2015,27.82
USA,Estados Unidos,NE.TRD.GNFS.ZS,Apertura comercial (Trade % PIB),2014,30.0
USA,Estados Unidos,NE.TRD.GNFS.ZS,Apertura comercial (Trade % PIB),2013,30.01
USA,Estados Unidos,NE.TRD.GNFS.ZS,Apertura comercial (Trade % PIB),2012,30.68
USA,Estados Unidos,NE.TRD.GNFS.ZS,Apertura comercial (Trade % PIB),2011,30.84
USA,Estados Unidos,NE.TRD.GNFS.ZS,Apertura comercial (Trade % PIB),2010,28.22
USA,Estados Unidos,NE.TRD.GNFS.ZS,Apertura comercial (Trade % PIB),2009,24.76
USA,Estados Unidos,NE.TRD.GNFS.ZS,Apertura comercial (Trade % PIB),2008,29.87
USA,Estados Unidos,NE.TRD.GNFS.ZS,Apertura comercial (Trade % PIB),2007,28.01
USA,Estados Unidos,NE.TRD.GNFS.ZS,Apertura comercial (Trade % PIB),2006,26.98
USA,Estados Unidos,NE.TRD.GNFS.ZS,Apertura comercial (Trade % PIB),2005,25.64
USA,Estados Unidos,NE.TRD.GNFS.ZS,Apertura comercial (Trade % PIB),2004,24.45
USA,Estados Unidos,NE.TRD.GNFS.ZS,Apertura comercial (Trade % PIB),2003,22.63
USA,Estados Unidos,NE.TRD.GNFS.ZS,Apertura comercial (Trade % PIB),2002,22.29
USA,Estados Unidos,NE.TRD.GNFS.ZS,Apertura comercial (Trade % PIB),2001,22.97
USA,Estados Unidos,NE.TRD.GNFS.ZS,Apertura comercial (Trade % PIB),2000,25.1
USA,Estados Unidos,NE.TRD.GNFS.ZS,Apertura comercial (Trade % PIB),1999,23.31
USA,Estados Unidos,NE.TRD.GNFS.ZS,Apertura comercial (Trade % PIB),1998,22.83
USA,Estados Unidos,NE.TRD.GNFS.ZS,Apertura comercial (Trade % PIB),1997,23.43
USA,Estados Unidos,NE.TRD.GNFS.ZS,Apertura comercial (Trade % PIB),1996,22.69
USA,Estados Unidos,NE.TRD.GNFS.ZS,Apertura comercial (Trade % PIB),1995,22.45
USA,Estados Unidos,NE.TRD.GNFS.ZS,Apertura comercial (Trade % PIB),1994,21.06
USA,Estados Unidos,NE.TRD.GNFS.ZS,Apertura comercial (Trade % PIB),1993,20.04
USA,Estados Unidos,NE.TRD.GNFS.ZS,Apertura comercial (Trade % PIB),1992,19.95
USA,Estados Unidos,NE.TRD.GNFS.ZS,Apertura comercial (Trade % PIB),1991,19.79
USA,Estados Unidos,NE.TRD.GNFS.ZS,Apertura comercial (Trade % PIB),1990,19.82
USA,Estados Unidos,NE.TRD.GNFS.ZS,Apertura comercial (Trade % PIB),1989,19.42
USA,Estados Unidos,NE.TRD.GNFS.ZS,Apertura comercial (Trade % PIB),1988,19.07
USA,Estados Unidos,NE.TRD.GNFS.ZS,Apertura comercial (Trade % PIB),1987,17.97
USA,Estados Unidos,NE.TRD.GNFS.ZS,Apertura comercial (Trade % PIB),1986,16.9
USA,Estados Unidos,NE.TRD.GNFS.ZS,Apertura comercial (Trade % PIB),1985,16.6
USA,Estados Unidos,NE.TRD.GNFS.ZS,Apertura comercial (Trade % PIB),1984,17.52
USA,Estados Unidos,NE.TRD.GNFS.ZS,Apertura comercial (Trade % PIB),1983,16.67
USA,Estados Unidos,NE.TRD.GNFS.ZS,Apertura comercial (Trade % PIB),1982,17.54
USA,Estados Unidos,NE.TRD.GNFS.ZS,Apertura comercial (Trade % PIB),1981,19.43
USA,Estados Unidos,NE.TRD.GNFS.ZS,Apertura comercial (Trade % PIB),1980,20.11
USA,Estados Unidos,NE.TRD.GNFS.ZS,Apertura comercial (Trade % PIB),1979,18.38
USA,Estados Unidos,NE.TRD.GNFS.ZS,Apertura comercial (Trade % PIB),1978,16.97
USA,Estados Unidos,NE.TRD.GNFS.ZS,Apertura comercial (Trade % PIB),1977,16.42
USA,Estados Unidos,NE.TRD.GNFS.ZS,Apertura comercial (Trade % PIB),1976,16.05
USA,Estados Unidos,NE.TRD.GNFS.ZS,Apertura comercial (Trade % PIB),1975,15.52
USA,Estados Unidos,NE.TRD.GNFS.ZS,Apertura comercial (Trade % PIB),1974,16.44
USA,Estados Unidos,NE.TRD.GNFS.ZS,Apertura comercial (Trade % PIB),1973,13.08
USA,Estados Unidos,NE.TRD.GNFS.ZS,Apertura comercial (Trade % PIB),1972,11.34
USA,Estados Unidos,NE.TRD.GNFS.ZS,Apertura comercial (Trade % PIB),1971,10.76
USA,Estados Unidos,NE.TRD.GNFS.ZS,Apertura comercial (Trade % PIB),1970,10.76
USA,Estados Unidos,NE.IMP.GNFS.ZS,Importaciones (% PIB),2023,14.11
USA,Estados Unidos,NE.IMP.GNFS.ZS,Importaciones (% PIB),2022,15.53
USA,Estados Unidos,NE.IMP.GNFS.ZS,Importaciones (% PIB),2021,14.65
USA,Estados Unidos,NE.IMP.GNFS.ZS,Importaciones (% PIB),2020,13.19
USA,Estados Unidos,NE.IMP.GNFS.ZS,Importaciones (% PIB),2019,14.58
USA,Estados Unidos,NE.IMP.GNFS.ZS,Importaciones (% PIB),2018,15.25
USA,Estados Unidos,NE.IMP.GNFS.ZS,Importaciones (% PIB),2017,15.05
USA,Estados Unidos,NE.IMP.GNFS.ZS,Importaciones (% PIB),2016,14.65
USA,Estados Unidos,NE.IMP.GNFS.ZS,Importaciones (% PIB),2015,15.35
USA,Estados Unidos,NE.IMP.GNFS.ZS,Importaciones (% PIB),2014,16.45
USA,Estados Unidos,NE.IMP.GNFS.ZS,Importaciones (% PIB),2013,16.42
USA,Estados Unidos,NE.IMP.GNFS.ZS,Importaciones (% PIB),2012,17.04
USA,Estados Unidos,NE.IMP.GNFS.ZS,Importaciones (% PIB),2011,17.28
USA,Estados Unidos,NE.IMP.GNFS.ZS,Importaciones (% PIB),2010,15.88
USA,Estados Unidos,NE.IMP.GNFS.ZS,Importaciones (% PIB),2009,13.83
USA,Estados Unidos,NE.IMP.GNFS.ZS,Importaciones (% PIB),2008,17.44
USA,Estados Unidos,NE.IMP.GNFS.ZS,Importaciones (% PIB),2007,16.55
USA,Estados Unidos,NE.IMP.GNFS.ZS,Importaciones (% PIB),2006,16.33
USA,Estados Unidos,NE.IMP.GNFS.ZS,Importaciones (% PIB),2005,15.66
USA,Estados Unidos,NE.IMP.GNFS.ZS,Importaciones (% PIB),2004,14.82
USA,Estados Unidos,NE.IMP.GNFS.ZS,Importaciones (% PIB),2003,13.59
USA,Estados Unidos,NE.IMP.GNFS.ZS,Importaciones (% PIB),2002,13.15
USA,Estados Unidos,NE.IMP.GNFS.ZS,Importaciones (% PIB),2001,13.26
USA,Estados Unidos,NE.IMP.GNFS.ZS,Importaciones (% PIB),2000,14.41
USA,Estados Unidos,NE.IMP.GNFS.ZS,Importaciones (% PIB),1999,13.0
USA,Estados Unidos,NE.IMP.GNFS.ZS,Importaciones (% PIB),1998,12.31
USA,Estados Unidos,NE.IMP.GNFS.ZS,Importaciones (% PIB),1997,12.31
USA,Estados Unidos,NE.IMP.GNFS.ZS,Importaciones (% PIB),1996,11.94
USA,Estados Unidos,NE.IMP.GNFS.ZS,Importaciones (% PIB),1995,11.81
USA,Estados Unidos,NE.IMP.GNFS.ZS,Importaciones (% PIB),1994,11.16
USA,Estados Unidos,NE.IMP.GNFS.ZS,Importaciones (% PIB),1993,10.5
USA,Estados Unidos,NE.IMP.GNFS.ZS,Importaciones (% PIB),1992,10.24
USA,Estados Unidos,NE.IMP.GNFS.ZS,Importaciones (% PIB),1991,10.13
USA,Estados Unidos,NE.IMP.GNFS.ZS,Importaciones (% PIB),1990,10.56
USA,Estados Unidos,NE.IMP.GNFS.ZS,Importaciones (% PIB),1989,10.48
USA,Estados Unidos,NE.IMP.GNFS.ZS,Importaciones (% PIB),1988,10.58
USA,Estados Unidos,NE.IMP.GNFS.ZS,Importaciones (% PIB),1987,10.48
USA,Estados Unidos,NE.IMP.GNFS.ZS,Importaciones (% PIB),1986,9.89
USA,Estados Unidos,NE.IMP.GNFS.ZS,Importaciones (% PIB),1985,9.62
USA,Estados Unidos,NE.IMP.GNFS.ZS,Importaciones (% PIB),1984,10.03
USA,Estados Unidos,NE.IMP.GNFS.ZS,Importaciones (% PIB),1983,9.04
USA,Estados Unidos,NE.IMP.GNFS.ZS,Importaciones (% PIB),1982,9.07
USA,Estados Unidos,NE.IMP.GNFS.ZS,Importaciones (% PIB),1981,9.91
USA,Estados Unidos,NE.IMP.GNFS.ZS,Importaciones (% PIB),1980,10.28
USA,Estados Unidos,NE.IMP.GNFS.ZS,Importaciones (% PIB),1979,9.62
USA,Estados Unidos,NE.IMP.GNFS.ZS,Importaciones (% PIB),1978,9.03
USA,Estados Unidos,NE.IMP.GNFS.ZS,Importaciones (% PIB),1977,8.76
USA,Estados Unidos,NE.IMP.GNFS.ZS,Importaciones (% PIB),1976,8.07
USA,Estados Unidos,NE.IMP.GNFS.ZS,Importaciones (% PIB),1975,7.28
USA,Estados Unidos,NE.IMP.GNFS.ZS,Importaciones (% PIB),1974,8.25
USA,Estados Unidos,NE.IMP.GNFS.ZS,Importaciones (% PIB),1973,6.4
USA,Estados Unidos,NE.IMP.GNFS.ZS,Importaciones (% PIB),1972,5.8
USA,Estados Unidos,NE.IMP.GNFS.ZS,Importaciones (% PIB),1971,5.35
USA,Estados Unidos,NE.IMP.GNFS.ZS,Importaciones (% PIB),1970,5.2
USA,Estados Unidos,BN.CAB.XOKA.GD.ZS,Cuenta corriente (% PIB),2023,-3.4
USA,Estados Unidos,BN.CAB.XOKA.GD.ZS,Cuenta corriente (% PIB),2022,-3.88
USA,Estados Unidos,BN.CAB.XOKA.GD.ZS,Cuenta corriente (% PIB),2021,-3.68
USA,Estados Unidos,BN.CAB.XOKA.GD.ZS,Cuenta corriente (% PIB),2020,-2.82
USA,Estados Unidos,BN.CAB.XOKA.GD.ZS,Cuenta corriente (% PIB),2019,-2.07
USA,Estados Unidos,BN.CAB.XOKA.GD.ZS,Cuenta corriente (% PIB),2018,-2.14
USA,Estados Unidos,BN.CAB.XOKA.GD.ZS,Cuenta corriente (% PIB),2017,-1.89
USA,Estados Unidos,BN.CAB.XOKA.GD.ZS,Cuenta corriente (% PIB),2016,-2.12
USA,Estados Unidos,BN.CAB.XOKA.GD.ZS,Cuenta corriente (% PIB),2015,-2.24
USA,Estados Unidos,BN.CAB.XOKA.GD.ZS,Cuenta corriente (% PIB),2014,-2.11
USA,Estados Unidos,BN.CAB.XOKA.GD.ZS,Cuenta corriente (% PIB),2013,-2.02
USA,Estados Unidos,BN.CAB.XOKA.GD.ZS,Cuenta corriente (% PIB),2012,-2.57
USA,Estados Unidos,BN.CAB.XOKA.GD.ZS,Cuenta corriente (% PIB),2011,-2.92
USA,Estados Unidos,BN.CAB.XOKA.GD.ZS,Cuenta corriente (% PIB),2010,-2.87
USA,Estados Unidos,BN.CAB.XOKA.GD.ZS,Cuenta corriente (% PIB),2009,-2.62
USA,Estados Unidos,BN.CAB.XOKA.GD.ZS,Cuenta corriente (% PIB),2008,-4.72
USA,Estados Unidos,BN.CAB.XOKA.GD.ZS,Cuenta corriente (% PIB),2007,-5.09
USA,Estados Unidos,BN.CAB.XOKA.GD.ZS,Cuenta corriente (% PIB),2006,-5.91
USA,Estados Unidos,BN.CAB.XOKA.GD.ZS,Cuenta corriente (% PIB),2005,-5.75
USA,Estados Unidos,BN.CAB.XOKA.GD.ZS,Cuenta corriente (% PIB),2004,-5.2
USA,Estados Unidos,BN.CAB.XOKA.GD.ZS,Cuenta corriente (% PIB),2003,-4.56
USA,Estados Unidos,BN.CAB.XOKA.GD.ZS,Cuenta corriente (% PIB),2002,-4.17
USA,Estados Unidos,BN.CAB.XOKA.GD.ZS,Cuenta corriente (% PIB),2001,-3.72
USA,Estados Unidos,BN.CAB.XOKA.GD.ZS,Cuenta corriente (% PIB),2000,-3.92
USA,Estados Unidos,BN.CAB.XOKA.GD.ZS,Cuenta corriente (% PIB),1999,-2.98
USA,Estados Unidos,BN.CAB.XOKA.GD.ZS,Cuenta corriente (% PIB),1998,-2.37
USA,Estados Unidos,BN.CAB.XOKA.GD.ZS,Cuenta corriente (% PIB),1997,-1.64
USA,Estados Unidos,BN.CAB.XOKA.GD.ZS,Cuenta corriente (% PIB),1996,-1.54
USA,Estados Unidos,BN.CAB.XOKA.GD.ZS,Cuenta corriente (% PIB),1995,-1.49
USA,Estados Unidos,BN.CAB.XOKA.GD.ZS,Cuenta corriente (% PIB),1994,-1.67
USA,Estados Unidos,BN.CAB.XOKA.GD.ZS,Cuenta corriente (% PIB),1993,-1.24
USA,Estados Unidos,BN.CAB.XOKA.GD.ZS,Cuenta corriente (% PIB),1992,-0.79
USA,Estados Unidos,BN.CAB.XOKA.GD.ZS,Cuenta corriente (% PIB),1991,0.05
USA,Estados Unidos,BN.CAB.XOKA.GD.ZS,Cuenta corriente (% PIB),1990,-1.32
USA,Estados Unidos,BN.CAB.XOKA.GD.ZS,Cuenta corriente (% PIB),1989,-1.76
USA,Estados Unidos,BN.CAB.XOKA.GD.ZS,Cuenta corriente (% PIB),1988,-2.32
USA,Estados Unidos,BN.CAB.XOKA.GD.ZS,Cuenta corriente (% PIB),1987,-3.31
USA,Estados Unidos,BN.CAB.XOKA.GD.ZS,Cuenta corriente (% PIB),1986,-3.21
USA,Estados Unidos,BN.CAB.XOKA.GD.ZS,Cuenta corriente (% PIB),1985,-2.87
USA,Estados Unidos,BN.CAB.XOKA.GD.ZS,Cuenta corriente (% PIB),1984,-2.45
USA,Estados Unidos,BN.CAB.XOKA.GD.ZS,Cuenta corriente (% PIB),1983,-1.22
USA,Estados Unidos,BN.CAB.XOKA.GD.ZS,Cuenta corriente (% PIB),1982,-0.35
USA,Estados Unidos,BN.CAB.XOKA.GD.ZS,Cuenta corriente (% PIB),1981,0.15
USA,Estados Unidos,BN.CAB.XOKA.GD.ZS,Cuenta corriente (% PIB),1980,0.07
USA,Estados Unidos,BN.CAB.XOKA.GD.ZS,Cuenta corriente (% PIB),1979,-0.01
USA,Estados Unidos,BN.CAB.XOKA.GD.ZS,Cuenta corriente (% PIB),1978,-0.67
USA,Estados Unidos,BN.CAB.XOKA.GD.ZS,Cuenta corriente (% PIB),1977,-0.73
USA,Estados Unidos,BN.CAB.XOKA.GD.ZS,Cuenta corriente (% PIB),1976,0.2
USA,Estados Unidos,BN.CAB.XOKA.GD.ZS,Cuenta corriente (% PIB),1975,1.06
USA,Estados Unidos,BN.CAB.XOKA.GD.ZS,Cuenta corriente (% PIB),1974,0.11
USA,Estados Unidos,BN.CAB.XOKA.GD.ZS,Cuenta corriente (% PIB),1973,0.53
USA,Estados Unidos,BN.CAB.XOKA.GD.ZS,Cuenta corriente (% PIB),1972,-0.41
USA,Estados Unidos,BN.CAB.XOKA.GD.ZS,Cuenta corriente (% PIB),1971,-0.08
USA,Estados Unidos,BN.CAB.XOKA.GD.ZS,Cuenta corriente (% PIB),1970,0.24
DEU,Alemania,NE.TRD.GNFS.ZS,Apertura comercial (Trade % PIB),2023,81.96
DEU,Alemania,NE.TRD.GNFS.ZS,Apertura comercial (Trade % PIB),2022,88.79
DEU,Alemania,NE.TRD.GNFS.ZS,Apertura comercial (Trade % PIB),2021,79.92
DEU,Alemania,NE.TRD.GNFS.ZS,Apertura comercial (Trade % PIB),2020,72.93
DEU,Alemania,NE.TRD.GNFS.ZS,Apertura comercial (Trade % PIB),2019,79.07
DEU,Alemania,NE.TRD.GNFS.ZS,Apertura comercial (Trade % PIB),2018,79.13
DEU,Alemania,NE.TRD.GNFS.ZS,Apertura comercial (Trade % PIB),2017,77.45
DEU,Alemania,NE.TRD.GNFS.ZS,Apertura comercial (Trade % PIB),2016,76.01
DEU,Alemania,NE.TRD.GNFS.ZS,Apertura comercial (Trade % PIB),2015,77.76
DEU,Alemania,NE.TRD.GNFS.ZS,Apertura comercial (Trade % PIB),2014,76.85
DEU,Alemania,NE.TRD.GNFS.ZS,Apertura comercial (Trade % PIB),2013,77.59
DEU,Alemania,NE.TRD.GNFS.ZS,Apertura comercial (Trade % PIB),2012,79.33
DEU,Alemania,NE.TRD.GNFS.ZS,Apertura comercial (Trade % PIB),2011,78.43
DEU,Alemania,NE.TRD.GNFS.ZS,Apertura comercial (Trade % PIB),2010,73.89
DEU,Alemania,NE.TRD.GNFS.ZS,Apertura comercial (Trade % PIB),2009,66.14
DEU,Alemania,NE.TRD.GNFS.ZS,Apertura comercial (Trade % PIB),2008,76.11
DEU,Alemania,NE.TRD.GNFS.ZS,Apertura comercial (Trade % PIB),2007,74.88
DEU,Alemania,NE.TRD.GNFS.ZS,Apertura comercial (Trade % PIB),2006,72.76
DEU,Alemania,NE.TRD.GNFS.ZS,Apertura comercial (Trade % PIB),2005,66.95
DEU,Alemania,NE.TRD.GNFS.ZS,Apertura comercial (Trade % PIB),2004,62.91
DEU,Alemania,NE.TRD.GNFS.ZS,Apertura comercial (Trade % PIB),2003,58.91
DEU,Alemania,NE.TRD.GNFS.ZS,Apertura comercial (Trade % PIB),2002,58.33
DEU,Alemania,NE.TRD.GNFS.ZS,Apertura comercial (Trade % PIB),2001,59.56
DEU,Alemania,NE.TRD.GNFS.ZS,Apertura comercial (Trade % PIB),2000,59.2
DEU,Alemania,NE.TRD.GNFS.ZS,Apertura comercial (Trade % PIB),1999,51.52
DEU,Alemania,NE.TRD.GNFS.ZS,Apertura comercial (Trade % PIB),1998,50.16
DEU,Alemania,NE.TRD.GNFS.ZS,Apertura comercial (Trade % PIB),1997,48.38
DEU,Alemania,NE.TRD.GNFS.ZS,Apertura comercial (Trade % PIB),1996,43.9
DEU,Alemania,NE.TRD.GNFS.ZS,Apertura comercial (Trade % PIB),1995,42.61
DEU,Alemania,NE.TRD.GNFS.ZS,Apertura comercial (Trade % PIB),1994,41.1
DEU,Alemania,NE.TRD.GNFS.ZS,Apertura comercial (Trade % PIB),1993,39.75
DEU,Alemania,NE.TRD.GNFS.ZS,Apertura comercial (Trade % PIB),1992,44.68
DEU,Alemania,NE.TRD.GNFS.ZS,Apertura comercial (Trade % PIB),1991,47.64
DEU,Alemania,NE.TRD.GNFS.ZS,Apertura comercial (Trade % PIB),1990,45.69
DEU,Alemania,NE.TRD.GNFS.ZS,Apertura comercial (Trade % PIB),1989,45.04
DEU,Alemania,NE.TRD.GNFS.ZS,Apertura comercial (Trade % PIB),1988,42.36
DEU,Alemania,NE.TRD.GNFS.ZS,Apertura comercial (Trade % PIB),1987,41.53
DEU,Alemania,NE.TRD.GNFS.ZS,Apertura comercial (Trade % PIB),1986,42.78
DEU,Alemania,NE.TRD.GNFS.ZS,Apertura comercial (Trade % PIB),1985,47.73
DEU,Alemania,NE.TRD.GNFS.ZS,Apertura comercial (Trade % PIB),1984,46.07
DEU,Alemania,NE.TRD.GNFS.ZS,Apertura comercial (Trade % PIB),1983,43.41
DEU,Alemania,NE.TRD.GNFS.ZS,Apertura comercial (Trade % PIB),1982,44.22
DEU,Alemania,NE.TRD.GNFS.ZS,Apertura comercial (Trade % PIB),1981,44.02
DEU,Alemania,NE.TRD.GNFS.ZS,Apertura comercial (Trade % PIB),1980,41.7
DEU,Alemania,NE.TRD.GNFS.ZS,Apertura comercial (Trade % PIB),1979,39.08
DEU,Alemania,NE.TRD.GNFS.ZS,Apertura comercial (Trade % PIB),1978,37.04
DEU,Alemania,NE.TRD.GNFS.ZS,Apertura comercial (Trade % PIB),1977,37.96
DEU,Alemania,NE.TRD.GNFS.ZS,Apertura comercial (Trade % PIB),1976,38.22
DEU,Alemania,NE.TRD.GNFS.ZS,Apertura comercial (Trade % PIB),1975,35.77
DEU,Alemania,NE.TRD.GNFS.ZS,Apertura comercial (Trade % PIB),1974,36.81
DEU,Alemania,NE.TRD.GNFS.ZS,Apertura comercial (Trade % PIB),1973,31.58
DEU,Alemania,NE.TRD.GNFS.ZS,Apertura comercial (Trade % PIB),1972,30.62
DEU,Alemania,NE.TRD.GNFS.ZS,Apertura comercial (Trade % PIB),1971,30.73
DEU,Alemania,NE.TRD.GNFS.ZS,Apertura comercial (Trade % PIB),1970,31.59
DEU,Alemania,NE.EXP.GNFS.ZS,Exportaciones (% PIB),2023,42.97
DEU,Alemania,NE.EXP.GNFS.ZS,Exportaciones (% PIB),2022,45.63
DEU,Alemania,NE.EXP.GNFS.ZS,Exportaciones (% PIB),2021,42.52
DEU,Alemania,NE.EXP.GNFS.ZS,Exportaciones (% PIB),2020,39.12
DEU,Alemania,NE.EXP.GNFS.ZS,Exportaciones (% PIB),2019,42.34
DEU,Alemania,NE.EXP.GNFS.ZS,Exportaciones (% PIB),2018,42.5
DEU,Alemania,NE.EXP.GNFS.ZS,Exportaciones (% PIB),2017,42.2
DEU,Alemania,NE.EXP.GNFS.ZS,Exportaciones (% PIB),2016,41.64
DEU,Alemania,NE.EXP.GNFS.ZS,Exportaciones (% PIB),2015,42.59
DEU,Alemania,NE.EXP.GNFS.ZS,Exportaciones (% PIB),2014,41.69
DEU,Alemania,NE.EXP.GNFS.ZS,Exportaciones (% PIB),2013,41.68
DEU,Alemania,NE.EXP.GNFS.ZS,Exportaciones (% PIB),2012,42.69
DEU,Alemania,NE.EXP.GNFS.ZS,Exportaciones (% PIB),2011,41.64
DEU,Alemania,NE.EXP.GNFS.ZS,Exportaciones (% PIB),2010,39.5
DEU,Alemania,NE.EXP.GNFS.ZS,Exportaciones (% PIB),2009,35.45
DEU,Alemania,NE.EXP.GNFS.ZS,Exportaciones (% PIB),2008,40.95
DEU,Alemania,NE.EXP.GNFS.ZS,Exportaciones (% PIB),2007,40.64
DEU,Alemania,NE.EXP.GNFS.ZS,Exportaciones (% PIB),2006,38.97
DEU,Alemania,NE.EXP.GNFS.ZS,Exportaciones (% PIB),2005,35.95
DEU,Alemania,NE.EXP.GNFS.ZS,Exportaciones (% PIB),2004,33.94
DEU,Alemania,NE.EXP.GNFS.ZS,Exportaciones (% PIB),2003,31.27
DEU,Alemania,NE.EXP.GNFS.ZS,Exportaciones (% PIB),2002,31.19
DEU,Alemania,NE.EXP.GNFS.ZS,Exportaciones (% PIB),2001,30.56
DEU,Alemania,NE.EXP.GNFS.ZS,Exportaciones (% PIB),2000,29.68
DEU,Alemania,NE.EXP.GNFS.ZS,Exportaciones (% PIB),1999,26.03
DEU,Alemania,NE.EXP.GNFS.ZS,Exportaciones (% PIB),1998,25.66
DEU,Alemania,NE.EXP.GNFS.ZS,Exportaciones (% PIB),1997,24.7
DEU,Alemania,NE.EXP.GNFS.ZS,Exportaciones (% PIB),1996,22.28
DEU,Alemania,NE.EXP.GNFS.ZS,Exportaciones (% PIB),1995,21.48
DEU,Alemania,NE.EXP.GNFS.ZS,Exportaciones (% PIB),1994,20.61
DEU,Alemania,NE.EXP.GNFS.ZS,Exportaciones (% PIB),1993,19.88
DEU,Alemania,NE.EXP.GNFS.ZS,Exportaciones (% PIB),1992,22.09
DEU,Alemania,NE.EXP.GNFS.ZS,Exportaciones (% PIB),1991,23.57
DEU,Alemania,NE.EXP.GNFS.ZS,Exportaciones (% PIB),1990,22.74
DEU,Alemania,NE.EXP.GNFS.ZS,Exportaciones (% PIB),1989,22.21
DEU,Alemania,NE.EXP.GNFS.ZS,Exportaciones (% PIB),1988,21.0
DEU,Alemania,NE.EXP.GNFS.ZS,Exportaciones (% PIB),1987,20.6
DEU,Alemania,NE.EXP.GNFS.ZS,Exportaciones (% PIB),1986,21.2
DEU,Alemania,NE.EXP.GNFS.ZS,Exportaciones (% PIB),1985,22.84
DEU,Alemania,NE.EXP.GNFS.ZS,Exportaciones (% PIB),1984,21.63
DEU,Alemania,NE.EXP.GNFS.ZS,Exportaciones (% PIB),1983,20.21
DEU,Alemania,NE.EXP.GNFS.ZS,Exportaciones (% PIB),1982,20.78
DEU,Alemania,NE.EXP.GNFS.ZS,Exportaciones (% PIB),1981,20.05
DEU,Alemania,NE.EXP.GNFS.ZS,Exportaciones (% PIB),1980,18.54
DEU,Alemania,NE.EXP.GNFS.ZS,Exportaciones (% PIB),1979,17.75
DEU,Alemania,NE.EXP.GNFS.ZS,Exportaciones (% PIB),1978,17.56
DEU,Alemania,NE.EXP.GNFS.ZS,Exportaciones (% PIB),1977,17.9
DEU,Alemania,NE.EXP.GNFS.ZS,Exportaciones (% PIB),1976,18.0
DEU,Alemania,NE.EXP.GNFS.ZS,Exportaciones (% PIB),1975,17.04
DEU,Alemania,NE.EXP.GNFS.ZS,Exportaciones (% PIB),1974,18.16
DEU,Alemania,NE.EXP.GNFS.ZS,Exportaciones (% PIB),1973,15.29
DEU,Alemania,NE.EXP.GNFS.ZS,Exportaciones (% PIB),1972,14.49
DEU,Alemania,NE.EXP.GNFS.ZS,Exportaciones (% PIB),1971,14.5
DEU,Alemania,NE.EXP.GNFS.ZS,Exportaciones (% PIB),1970,15.07
DEU,Alemania,NE.IMP.GNFS.ZS,Importaciones (% PIB),2023,39.0
DEU,Alemania,NE.IMP.GNFS.ZS,Importaciones (% PIB),2022,43.16
DEU,Alemania,NE.IMP.GNFS.ZS,Importaciones (% PIB),2021,37.4
DEU,Alemania,NE.IMP.GNFS.ZS,Importaciones (% PIB),2020,33.81
DEU,Alemania,NE.IMP.GNFS.ZS,Importaciones (% PIB),2019,36.73
DEU,Alemania,NE.IMP.GNFS.ZS,Importaciones (% PIB),2018,36.63
DEU,Alemania,NE.IMP.GNFS.ZS,Importaciones (% PIB),2017,35.25
DEU,Alemania,NE.IMP.GNFS.ZS,Importaciones (% PIB),2016,34.37
DEU,Alemania,NE.IMP.GNFS.ZS,Importaciones (% PIB),2015,35.17
DEU,Alemania,NE.IMP.GNFS.ZS,Importaciones (% PIB),2014,35.15
DEU,Alemania,NE.IMP.GNFS.ZS,Importaciones (% PIB),2013,35.91
DEU,Alemania,NE.IMP.GNFS.ZS,Importaciones (% PIB),2012,36.65
DEU,Alemania,NE.IMP.GNFS.ZS,Importaciones (% PIB),2011,36.79
DEU,Alemania,NE.IMP.GNFS.ZS,Importaciones (% PIB),2010,34.39
DEU,Alemania,NE.IMP.GNFS.ZS,Importaciones (% PIB),2009,30.68
DEU,Alemania,NE.IMP.GNFS.ZS,Importaciones (% PIB),2008,35.16
DEU,Alemania,NE.IMP.GNFS.ZS,Importaciones (% PIB),2007,34.25
DEU,Alemania,NE.IMP.GNFS.ZS,Importaciones (% PIB),2006,33.79
DEU,Alemania,NE.IMP.GNFS.ZS,Importaciones (% PIB),2005,31.0
DEU,Alemania,NE.IMP.GNFS.ZS,Importaciones (% PIB),2004,28.97
DEU,Alemania,NE.IMP.GNFS.ZS,Importaciones (% PIB),2003,27.65
DEU,Alemania,NE.IMP.GNFS.ZS,Importaciones (% PIB),2002,27.14
DEU,Alemania,NE.IMP.GNFS.ZS,Importaciones (% PIB),2001,29.0
DEU,Alemania,NE.IMP.GNFS.ZS,Importaciones (% PIB),2000,29.51
DEU,Alemania,NE.IMP.GNFS.ZS,Importaciones (% PIB),1999,25.49
DEU,Alemania,NE.IMP.GNFS.ZS,Importaciones (% PIB),1998,24.5
DEU,Alemania,NE.IMP.GNFS.ZS,Importaciones (% PIB),1997,23.68
DEU,Alemania,NE.IMP.GNFS.ZS,Importaciones (% PIB),1996,21.62
DEU,Alemania,NE.IMP.GNFS.ZS,Importaciones (% PIB),1995,21.12
DEU,Alemania,NE.IMP.GNFS.ZS,Importaciones (% PIB),1994,20.49
DEU,Alemania,NE.IMP.GNFS.ZS,Importaciones (% PIB),1993,19.87
DEU,Alemania,NE.IMP.GNFS.ZS,Importaciones (% PIB),1992,22.59
DEU,Alemania,NE.IMP.GNFS.ZS,Importaciones (% PIB),1991,24.07
DEU,Alemania,NE.IMP.GNFS.ZS,Importaciones (% PIB),1990,22.95
DEU,Alemania,NE.IMP.GNFS.ZS,Importaciones (% PIB),1989,22.84
DEU,Alemania,NE.IMP.GNFS.ZS,Importaciones (% PIB),1988,21.36
DEU,Alemania,NE.IMP.GNFS.ZS,Importaciones (% PIB),1987,20.93
DEU,Alemania,NE.IMP.GNFS.ZS,Importaciones (% PIB),1986,21.58
DEU,Alemania,NE.IMP.GNFS.ZS,Importaciones (% PIB),1985,24.89
DEU,Alemania,NE.IMP.GNFS.ZS,Importaciones (% PIB),1984,24.43
DEU,Alemania,NE.IMP.GNFS.ZS,Importaciones (% PIB),1983,23.2
DEU,Alemania,NE.IMP.GNFS.ZS,Importaciones (% PIB),1982,23.44
DEU,Alemania,NE.IMP.GNFS.ZS,Importaciones (% PIB),1981,23.97
DEU,Alemania,NE.IMP.GNFS.ZS,Importaciones (% PIB),1980,23.15
DEU,Alemania,NE.IMP.GNFS.ZS,Importaciones (% PIB),1979,21.33
DEU,Alemania,NE.IMP.GNFS.ZS,Importaciones (% PIB),1978,19.48
DEU,Alemania,NE.IMP.GNFS.ZS,Importaciones (% PIB),1977,20.05
DEU,Alemania,NE.IMP.GNFS.ZS,Importaciones (% PIB),1976,20.23
DEU,Alemania,NE.IMP.GNFS.ZS,Importaciones (% PIB),1975,18.73
DEU,Alemania,NE.IMP.GNFS.ZS,Importaciones (% PIB),1974,18.65
DEU,Alemania,NE.IMP.GNFS.ZS,Importaciones (% PIB),1973,16.29
DEU,Alemania,NE.IMP.GNFS.ZS,Importaciones (% PIB),1972,16.12
DEU,Alemania,NE.IMP.GNFS.ZS,Importaciones (% PIB),1971,16.23
DEU,Alemania,NE.IMP.GNFS.ZS,Importaciones (% PIB),1970,16.53
DEU,Alemania,BN.CAB.XOKA.GD.ZS,Cuenta corriente (% PIB),2023,5.51
DEU,Alemania,BN.CAB.XOKA.GD.ZS,Cuenta corriente (% PIB),2022,3.85
DEU,Alemania,BN.CAB.XOKA.GD.ZS,Cuenta corriente (% PIB),2021,6.92
DEU,Alemania,BN.CAB.XOKA.GD.ZS,Cuenta corriente (% PIB),2020,6.35
DEU,Alemania,BN.CAB.XOKA.GD.ZS,Cuenta corriente (% PIB),2019,7.87
DEU,Alemania,BN.CAB.XOKA.GD.ZS,Cuenta corriente (% PIB),2018,8.44
DEU,Alemania,BN.CAB.XOKA.GD.ZS,Cuenta corriente (% PIB),2017,8.08
DEU,Alemania,BN.CAB.XOKA.GD.ZS,Cuenta corriente (% PIB),2016,8.9
DEU,Alemania,BN.CAB.XOKA.GD.ZS,Cuenta corriente (% PIB),2015,8.1
DEU,Alemania,BN.CAB.XOKA.GD.ZS,Cuenta corriente (% PIB),2014,7.19
DEU,Alemania,BN.CAB.XOKA.GD.ZS,Cuenta corriente (% PIB),2013,6.73
DEU,Alemania,BN.CAB.XOKA.GD.ZS,Cuenta corriente (% PIB),2012,7.2
DEU,Alemania,BN.CAB.XOKA.GD.ZS,Cuenta corriente (% PIB),2011,6.26
DEU,Alemania,BN.CAB.XOKA.GD.ZS,Cuenta corriente (% PIB),2010,5.77
DEU,Alemania,BN.CAB.XOKA.GD.ZS,Cuenta corriente (% PIB),2009,5.88
DEU,Alemania,BN.CAB.XOKA.GD.ZS,Cuenta corriente (% PIB),2008,5.58
DEU,Alemania,BN.CAB.XOKA.GD.ZS,Cuenta corriente (% PIB),2007,6.71
DEU,Alemania,BN.CAB.XOKA.GD.ZS,Cuenta corriente (% PIB),2006,5.84
DEU,Alemania,BN.CAB.XOKA.GD.ZS,Cuenta corriente (% PIB),2005,4.64
DEU,Alemania,BN.CAB.XOKA.GD.ZS,Cuenta corriente (% PIB),2004,4.53
DEU,Alemania,BN.CAB.XOKA.GD.ZS,Cuenta corriente (% PIB),2003,1.53
DEU,Alemania,BN.CAB.XOKA.GD.ZS,Cuenta corriente (% PIB),2002,1.98
DEU,Alemania,BN.CAB.XOKA.GD.ZS,Cuenta corriente (% PIB),2001,-0.17
DEU,Alemania,BN.CAB.XOKA.GD.ZS,Cuenta corriente (% PIB),2000,-1.51
DEU,Alemania,BN.CAB.XOKA.GD.ZS,Cuenta corriente (% PIB),1999,-1.17
DEU,Alemania,BN.CAB.XOKA.GD.ZS,Cuenta corriente (% PIB),1998,-0.47
DEU,Alemania,BN.CAB.XOKA.GD.ZS,Cuenta corriente (% PIB),1997,-0.36
DEU,Alemania,BN.CAB.XOKA.GD.ZS,Cuenta corriente (% PIB),1996,-0.49
DEU,Alemania,BN.CAB.XOKA.GD.ZS,Cuenta corriente (% PIB),1995,-1.07
DEU,Alemania,BN.CAB.XOKA.GD.ZS,Cuenta corriente (% PIB),1994,-1.32
DEU,Alemania,BN.CAB.XOKA.GD.ZS,Cuenta corriente (% PIB),1993,-0.78
DEU,Alemania,BN.CAB.XOKA.GD.ZS,Cuenta corriente (% PIB),1992,-0.98
DEU,Alemania,BN.CAB.XOKA.GD.ZS,Cuenta corriente (% PIB),1991,-1.19
DEU,Alemania,BN.CAB.XOKA.GD.ZS,Cuenta corriente (% PIB),1990,2.61
DEU,Alemania,BN.CAB.XOKA.GD.ZS,Cuenta corriente (% PIB),1989,4.06
DEU,Alemania,BN.CAB.XOKA.GD.ZS,Cuenta corriente (% PIB),1988,3.84
DEU,Alemania,BN.CAB.XOKA.GD.ZS,Cuenta corriente (% PIB),1987,3.39
DEU,Alemania,BN.CAB.XOKA.GD.ZS,Cuenta corriente (% PIB),1986,3.68
DEU,Alemania,BN.CAB.XOKA.GD.ZS,Cuenta corriente (% PIB),1985,2.45
DEU,Alemania,BN.CAB.XOKA.GD.ZS,Cuenta corriente (% PIB),1984,1.27
DEU,Alemania,BN.CAB.XOKA.GD.ZS,Cuenta corriente (% PIB),1983,0.56
DEU,Alemania,BN.CAB.XOKA.GD.ZS,Cuenta corriente (% PIB),1982,0.71
DEU,Alemania,BN.CAB.XOKA.GD.ZS,Cuenta corriente (% PIB),1981,-0.66
DEU,Alemania,BN.CAB.XOKA.GD.ZS,Cuenta corriente (% PIB),1980,-1.64
DEU,Alemania,BN.CAB.XOKA.GD.ZS,Cuenta corriente (% PIB),1979,-0.61
DEU,Alemania,BN.CAB.XOKA.GD.ZS,Cuenta corriente (% PIB),1978,1.25
DEU,Alemania,BN.CAB.XOKA.GD.ZS,Cuenta corriente (% PIB),1977,0.65
DEU,Alemania,BN.CAB.XOKA.GD.ZS,Cuenta corriente (% PIB),1976,0.72
DEU,Alemania,BN.CAB.XOKA.GD.ZS,Cuenta corriente (% PIB),1975,0.63
DEU,Alemania,BN.CAB.XOKA.GD.ZS,Cuenta corriente (% PIB),1974,2.03
DEU,Alemania,BN.CAB.XOKA.GD.ZS,Cuenta corriente (% PIB),1973,1.05
DEU,Alemania,BN.CAB.XOKA.GD.ZS,Cuenta corriente (% PIB),1972,0.11
DEU,Alemania,BN.CAB.XOKA.GD.ZS,Cuenta corriente (% PIB),1971,0.04
KOR,Corea del Sur,NE.TRD.GNFS.ZS,Apertura comercial (Trade % PIB),2023,82.26
KOR,Corea del Sur,NE.TRD.GNFS.ZS,Apertura comercial (Trade % PIB),2022,90.59
KOR,Corea del Sur,NE.TRD.GNFS.ZS,Apertura comercial (Trade % PIB),2021,75.31
KOR,Corea del Sur,NE.TRD.GNFS.ZS,Apertura comercial (Trade % PIB),2020,65.54
KOR,Corea del Sur,NE.TRD.GNFS.ZS,Apertura comercial (Trade % PIB),2019,71.45
KOR,Corea del Sur,NE.TRD.GNFS.ZS,Apertura comercial (Trade % PIB),2018,74.71
KOR,Corea del Sur,NE.TRD.GNFS.ZS,Apertura comercial (Trade % PIB),2017,73.19
KOR,Corea del Sur,NE.TRD.GNFS.ZS,Apertura comercial (Trade % PIB),2016,69.9
KOR,Corea del Sur,NE.TRD.GNFS.ZS,Apertura comercial (Trade % PIB),2015,75.39
KOR,Corea del Sur,NE.TRD.GNFS.ZS,Apertura comercial (Trade % PIB),2014,86.93
KOR,Corea del Sur,NE.TRD.GNFS.ZS,Apertura comercial (Trade % PIB),2013,94.17
KOR,Corea del Sur,NE.TRD.GNFS.ZS,Apertura comercial (Trade % PIB),2012,101.52
KOR,Corea del Sur,NE.TRD.GNFS.ZS,Apertura comercial (Trade % PIB),2011,101.68
KOR,Corea del Sur,NE.TRD.GNFS.ZS,Apertura comercial (Trade % PIB),2010,88.03
KOR,Corea del Sur,NE.TRD.GNFS.ZS,Apertura comercial (Trade % PIB),2009,83.12
KOR,Corea del Sur,NE.TRD.GNFS.ZS,Apertura comercial (Trade % PIB),2008,92.08
KOR,Corea del Sur,NE.TRD.GNFS.ZS,Apertura comercial (Trade % PIB),2007,71.32
KOR,Corea del Sur,NE.TRD.GNFS.ZS,Apertura comercial (Trade % PIB),2006,68.37
KOR,Corea del Sur,NE.TRD.GNFS.ZS,Apertura comercial (Trade % PIB),2005,66.17
KOR,Corea del Sur,NE.TRD.GNFS.ZS,Apertura comercial (Trade % PIB),2004,67.93
KOR,Corea del Sur,NE.TRD.GNFS.ZS,Apertura comercial (Trade % PIB),2003,59.42
KOR,Corea del Sur,NE.TRD.GNFS.ZS,Apertura comercial (Trade % PIB),2002,56.67
KOR,Corea del Sur,NE.TRD.GNFS.ZS,Apertura comercial (Trade % PIB),2001,60.43
KOR,Corea del Sur,NE.TRD.GNFS.ZS,Apertura comercial (Trade % PIB),2000,64.06
KOR,Corea del Sur,NE.TRD.GNFS.ZS,Apertura comercial (Trade % PIB),1999,57.89
KOR,Corea del Sur,NE.TRD.GNFS.ZS,Apertura comercial (Trade % PIB),1998,66.33
KOR,Corea del Sur,NE.TRD.GNFS.ZS,Apertura comercial (Trade % PIB),1997,55.89
KOR,Corea del Sur,NE.TRD.GNFS.ZS,Apertura comercial (Trade % PIB),1996,51.61
KOR,Corea del Sur,NE.TRD.GNFS.ZS,Apertura comercial (Trade % PIB),1995,51.4
KOR,Corea del Sur,NE.TRD.GNFS.ZS,Apertura comercial (Trade % PIB),1994,47.74
KOR,Corea del Sur,NE.TRD.GNFS.ZS,Apertura comercial (Trade % PIB),1993,45.42
KOR,Corea del Sur,NE.TRD.GNFS.ZS,Apertura comercial (Trade % PIB),1992,47.21
KOR,Corea del Sur,NE.TRD.GNFS.ZS,Apertura comercial (Trade % PIB),1991,48.29
KOR,Corea del Sur,NE.TRD.GNFS.ZS,Apertura comercial (Trade % PIB),1990,49.19
KOR,Corea del Sur,NE.TRD.GNFS.ZS,Apertura comercial (Trade % PIB),1989,51.33
KOR,Corea del Sur,NE.TRD.GNFS.ZS,Apertura comercial (Trade % PIB),1988,56.93
KOR,Corea del Sur,NE.TRD.GNFS.ZS,Apertura comercial (Trade % PIB),1987,61.11
KOR,Corea del Sur,NE.TRD.GNFS.ZS,Apertura comercial (Trade % PIB),1986,58.42
KOR,Corea del Sur,NE.TRD.GNFS.ZS,Apertura comercial (Trade % PIB),1985,51.33
KOR,Corea del Sur,NE.TRD.GNFS.ZS,Apertura comercial (Trade % PIB),1984,56.0
KOR,Corea del Sur,NE.TRD.GNFS.ZS,Apertura comercial (Trade % PIB),1983,56.61
KOR,Corea del Sur,NE.TRD.GNFS.ZS,Apertura comercial (Trade % PIB),1982,58.95
KOR,Corea del Sur,NE.TRD.GNFS.ZS,Apertura comercial (Trade % PIB),1981,65.73
KOR,Corea del Sur,NE.TRD.GNFS.ZS,Apertura comercial (Trade % PIB),1980,64.23
KOR,Corea del Sur,NE.TRD.GNFS.ZS,Apertura comercial (Trade % PIB),1979,53.52
KOR,Corea del Sur,NE.TRD.GNFS.ZS,Apertura comercial (Trade % PIB),1978,53.25
KOR,Corea del Sur,NE.TRD.GNFS.ZS,Apertura comercial (Trade % PIB),1977,52.97
KOR,Corea del Sur,NE.TRD.GNFS.ZS,Apertura comercial (Trade % PIB),1976,52.96
KOR,Corea del Sur,NE.TRD.GNFS.ZS,Apertura comercial (Trade % PIB),1975,53.04
KOR,Corea del Sur,NE.TRD.GNFS.ZS,Apertura comercial (Trade % PIB),1974,54.56
KOR,Corea del Sur,NE.TRD.GNFS.ZS,Apertura comercial (Trade % PIB),1973,50.82
KOR,Corea del Sur,NE.TRD.GNFS.ZS,Apertura comercial (Trade % PIB),1972,37.54
KOR,Corea del Sur,NE.TRD.GNFS.ZS,Apertura comercial (Trade % PIB),1971,35.29
KOR,Corea del Sur,NE.TRD.GNFS.ZS,Apertura comercial (Trade % PIB),1970,32.25
KOR,Corea del Sur,NE.TRD.GNFS.ZS,Apertura comercial (Trade % PIB),1969,32.79
KOR,Corea del Sur,NE.TRD.GNFS.ZS,Apertura comercial (Trade % PIB),1968,32.52
KOR,Corea del Sur,NE.TRD.GNFS.ZS,Apertura comercial (Trade % PIB),1967,28.56
KOR,Corea del Sur,NE.TRD.GNFS.ZS,Apertura comercial (Trade % PIB),1966,26.47
KOR,Corea del Sur,NE.TRD.GNFS.ZS,Apertura comercial (Trade % PIB),1965,21.32
KOR,Corea del Sur,NE.TRD.GNFS.ZS,Apertura comercial (Trade % PIB),1964,17.26
KOR,Corea del Sur,NE.TRD.GNFS.ZS,Apertura comercial (Trade % PIB),1963,18.52
KOR,Corea del Sur,NE.TRD.GNFS.ZS,Apertura comercial (Trade % PIB),1962,19.4
KOR,Corea del Sur,NE.TRD.GNFS.ZS,Apertura comercial (Trade % PIB),1961,17.93
KOR,Corea del Sur,NE.TRD.GNFS.ZS,Apertura comercial (Trade % PIB),1960,14.55
KOR,Corea del Sur,NE.EXP.GNFS.ZS,Exportaciones (% PIB),2023,41.32
KOR,Corea del Sur,NE.EXP.GNFS.ZS,Exportaciones (% PIB),2022,45.29
KOR,Corea del Sur,NE.EXP.GNFS.ZS,Exportaciones (% PIB),2021,39.34
KOR,Corea del Sur,NE.EXP.GNFS.ZS,Exportaciones (% PIB),2020,34.62
KOR,Corea del Sur,NE.EXP.GNFS.ZS,Exportaciones (% PIB),2019,37.04
KOR,Corea del Sur,NE.EXP.GNFS.ZS,Exportaciones (% PIB),2018,39.45
KOR,Corea del Sur,NE.EXP.GNFS.ZS,Exportaciones (% PIB),2017,38.85
KOR,Corea del Sur,NE.EXP.GNFS.ZS,Exportaciones (% PIB),2016,38.11
KOR,Corea del Sur,NE.EXP.GNFS.ZS,Exportaciones (% PIB),2015,40.97
KOR,Corea del Sur,NE.EXP.GNFS.ZS,Exportaciones (% PIB),2014,45.79
KOR,Corea del Sur,NE.EXP.GNFS.ZS,Exportaciones (% PIB),2013,49.23
KOR,Corea del Sur,NE.EXP.GNFS.ZS,Exportaciones (% PIB),2012,52.02
KOR,Corea del Sur,NE.EXP.GNFS.ZS,Exportaciones (% PIB),2011,51.28
KOR,Corea del Sur,NE.EXP.GNFS.ZS,Exportaciones (% PIB),2010,45.27
KOR,Corea del Sur,NE.EXP.GNFS.ZS,Exportaciones (% PIB),2009,43.51
KOR,Corea del Sur,NE.EXP.GNFS.ZS,Exportaciones (% PIB),2008,45.85
KOR,Corea del Sur,NE.EXP.GNFS.ZS,Exportaciones (% PIB),2007,36.04
KOR,Corea del Sur,NE.EXP.GNFS.ZS,Exportaciones (% PIB),2006,34.45
KOR,Corea del Sur,NE.EXP.GNFS.ZS,Exportaciones (% PIB),2005,34.13
KOR,Corea del Sur,NE.EXP.GNFS.ZS,Exportaciones (% PIB),2004,35.61
KOR,Corea del Sur,NE.EXP.GNFS.ZS,Exportaciones (% PIB),2003,30.44
KOR,Corea del Sur,NE.EXP.GNFS.ZS,Exportaciones (% PIB),2002,28.87
KOR,Corea del Sur,NE.EXP.GNFS.ZS,Exportaciones (% PIB),2001,30.86
KOR,Corea del Sur,NE.EXP.GNFS.ZS,Exportaciones (% PIB),2000,32.86
KOR,Corea del Sur,NE.EXP.GNFS.ZS,Exportaciones (% PIB),1999,31.51
KOR,Corea del Sur,NE.EXP.GNFS.ZS,Exportaciones (% PIB),1998,38.24
KOR,Corea del Sur,NE.EXP.GNFS.ZS,Exportaciones (% PIB),1997,27.47
KOR,Corea del Sur,NE.EXP.GNFS.ZS,Exportaciones (% PIB),1996,24.15
KOR,Corea del Sur,NE.EXP.GNFS.ZS,Exportaciones (% PIB),1995,25.09
KOR,Corea del Sur,NE.EXP.GNFS.ZS,Exportaciones (% PIB),1994,23.51
KOR,Corea del Sur,NE.EXP.GNFS.ZS,Exportaciones (% PIB),1993,22.86
KOR,Corea del Sur,NE.EXP.GNFS.ZS,Exportaciones (% PIB),1992,23.26
KOR,Corea del Sur,NE.EXP.GNFS.ZS,Exportaciones (% PIB),1991,22.99
KOR,Corea del Sur,NE.EXP.GNFS.ZS,Exportaciones (% PIB),1990,24.17
KOR,Corea del Sur,NE.EXP.GNFS.ZS,Exportaciones (% PIB),1989,26.47
KOR,Corea del Sur,NE.EXP.GNFS.ZS,Exportaciones (% PIB),1988,31.44
KOR,Corea del Sur,NE.EXP.GNFS.ZS,Exportaciones (% PIB),1987,33.68
KOR,Corea del Sur,NE.EXP.GNFS.ZS,Exportaciones (% PIB),1986,30.98
KOR,Corea del Sur,NE.EXP.GNFS.ZS,Exportaciones (% PIB),1985,26.12
KOR,Corea del Sur,NE.EXP.GNFS.ZS,Exportaciones (% PIB),1984,28.13
KOR,Corea del Sur,NE.EXP.GNFS.ZS,Exportaciones (% PIB),1983,27.16
KOR,Corea del Sur,NE.EXP.GNFS.ZS,Exportaciones (% PIB),1982,26.69
KOR,Corea del Sur,NE.EXP.GNFS.ZS,Exportaciones (% PIB),1981,29.17
KOR,Corea del Sur,NE.EXP.GNFS.ZS,Exportaciones (% PIB),1980,27.73
KOR,Corea del Sur,NE.EXP.GNFS.ZS,Exportaciones (% PIB),1979,23.13
KOR,Corea del Sur,NE.EXP.GNFS.ZS,Exportaciones (% PIB),1978,24.49
KOR,Corea del Sur,NE.EXP.GNFS.ZS,Exportaciones (% PIB),1977,25.52
KOR,Corea del Sur,NE.EXP.GNFS.ZS,Exportaciones (% PIB),1976,25.04
KOR,Corea del Sur,NE.EXP.GNFS.ZS,Exportaciones (% PIB),1975,22.18
KOR,Corea del Sur,NE.EXP.GNFS.ZS,Exportaciones (% PIB),1974,21.77
KOR,Corea del Sur,NE.EXP.GNFS.ZS,Exportaciones (% PIB),1973,23.52
KOR,Corea del Sur,NE.EXP.GNFS.ZS,Exportaciones (% PIB),1972,16.33
KOR,Corea del Sur,NE.EXP.GNFS.ZS,Exportaciones (% PIB),1971,12.5
KOR,Corea del Sur,NE.EXP.GNFS.ZS,Exportaciones (% PIB),1970,11.3
KOR,Corea del Sur,NE.EXP.GNFS.ZS,Exportaciones (% PIB),1969,10.52
KOR,Corea del Sur,NE.EXP.GNFS.ZS,Exportaciones (% PIB),1968,10.06
KOR,Corea del Sur,NE.EXP.GNFS.ZS,Exportaciones (% PIB),1967,9.04
KOR,Corea del Sur,NE.EXP.GNFS.ZS,Exportaciones (% PIB),1966,8.38
KOR,Corea del Sur,NE.EXP.GNFS.ZS,Exportaciones (% PIB),1965,7.09
KOR,Corea del Sur,NE.EXP.GNFS.ZS,Exportaciones (% PIB),1964,4.94
KOR,Corea del Sur,NE.EXP.GNFS.ZS,Exportaciones (% PIB),1963,3.93
KOR,Corea del Sur,NE.EXP.GNFS.ZS,Exportaciones (% PIB),1962,3.86
KOR,Corea del Sur,NE.EXP.GNFS.ZS,Exportaciones (% PIB),1961,4.03
KOR,Corea del Sur,NE.EXP.GNFS.ZS,Exportaciones (% PIB),1960,2.63
KOR,Corea del Sur,NE.IMP.GNFS.ZS,Importaciones (% PIB),2023,40.94
KOR,Corea del Sur,NE.IMP.GNFS.ZS,Importaciones (% PIB),2022,45.29
KOR,Corea del Sur,NE.IMP.GNFS.ZS,Importaciones (% PIB),2021,35.97
KOR,Corea del Sur,NE.IMP.GNFS.ZS,Importaciones (% PIB),2020,30.93
KOR,Corea del Sur,NE.IMP.GNFS.ZS,Importaciones (% PIB),2019,34.41
KOR,Corea del Sur,NE.IMP.GNFS.ZS,Importaciones (% PIB),2018,35.26
KOR,Corea del Sur,NE.IMP.GNFS.ZS,Importaciones (% PIB),2017,34.34
KOR,Corea del Sur,NE.IMP.GNFS.ZS,Importaciones (% PIB),2016,31.79
KOR,Corea del Sur,NE.IMP.GNFS.ZS,Importaciones (% PIB),2015,34.42
KOR,Corea del Sur,NE.IMP.GNFS.ZS,Importaciones (% PIB),2014,41.15
KOR,Corea del Sur,NE.IMP.GNFS.ZS,Importaciones (% PIB),2013,44.93
KOR,Corea del Sur,NE.IMP.GNFS.ZS,Importaciones (% PIB),2012,49.49
KOR,Corea del Sur,NE.IMP.GNFS.ZS,Importaciones (% PIB),2011,50.4
KOR,Corea del Sur,NE.IMP.GNFS.ZS,Importaciones (% PIB),2010,42.76
KOR,Corea del Sur,NE.IMP.GNFS.ZS,Importaciones (% PIB),2009,39.61
KOR,Corea del Sur,NE.IMP.GNFS.ZS,Importaciones (% PIB),2008,46.24
KOR,Corea del Sur,NE.IMP.GNFS.ZS,Importaciones (% PIB),2007,35.28
KOR,Corea del Sur,NE.IMP.GNFS.ZS,Importaciones (% PIB),2006,33.93
KOR,Corea del Sur,NE.IMP.GNFS.ZS,Importaciones (% PIB),2005,32.04
KOR,Corea del Sur,NE.IMP.GNFS.ZS,Importaciones (% PIB),2004,32.32
KOR,Corea del Sur,NE.IMP.GNFS.ZS,Importaciones (% PIB),2003,28.98
KOR,Corea del Sur,NE.IMP.GNFS.ZS,Importaciones (% PIB),2002,27.8
KOR,Corea del Sur,NE.IMP.GNFS.ZS,Importaciones (% PIB),2001,29.56
KOR,Corea del Sur,NE.IMP.GNFS.ZS,Importaciones (% PIB),2000,31.19
KOR,Corea del Sur,NE.IMP.GNFS.ZS,Importaciones (% PIB),1999,26.38
KOR,Corea del Sur,NE.IMP.GNFS.ZS,Importaciones (% PIB),1998,28.09
KOR,Corea del Sur,NE.IMP.GNFS.ZS,Importaciones (% PIB),1997,28.42
KOR,Corea del Sur,NE.IMP.GNFS.ZS,Importaciones (% PIB),1996,27.46
KOR,Corea del Sur,NE.IMP.GNFS.ZS,Importaciones (% PIB),1995,26.31
KOR,Corea del Sur,NE.IMP.GNFS.ZS,Importaciones (% PIB),1994,24.23
KOR,Corea del Sur,NE.IMP.GNFS.ZS,Importaciones (% PIB),1993,22.56
KOR,Corea del Sur,NE.IMP.GNFS.ZS,Importaciones (% PIB),1992,23.95
KOR,Corea del Sur,NE.IMP.GNFS.ZS,Importaciones (% PIB),1991,25.3
KOR,Corea del Sur,NE.IMP.GNFS.ZS,Importaciones (% PIB),1990,25.02
KOR,Corea del Sur,NE.IMP.GNFS.ZS,Importaciones (% PIB),1989,24.85
KOR,Corea del Sur,NE.IMP.GNFS.ZS,Importaciones (% PIB),1988,25.5
KOR,Corea del Sur,NE.IMP.GNFS.ZS,Importaciones (% PIB),1987,27.43
KOR,Corea del Sur,NE.IMP.GNFS.ZS,Importaciones (% PIB),1986,27.44
KOR,Corea del Sur,NE.IMP.GNFS.ZS,Importaciones (% PIB),1985,25.21
KOR,Corea del Sur,NE.IMP.GNFS.ZS,Importaciones (% PIB),1984,27.86
KOR,Corea del Sur,NE.IMP.GNFS.ZS,Importaciones (% PIB),1983,29.44
KOR,Corea del Sur,NE.IMP.GNFS.ZS,Importaciones (% PIB),1982,32.26
KOR,Corea del Sur,NE.IMP.GNFS.ZS,Importaciones (% PIB),1981,36.56
KOR,Corea del Sur,NE.IMP.GNFS.ZS,Importaciones (% PIB),1980,36.5
KOR,Corea del Sur,NE.IMP.GNFS.ZS,Importaciones (% PIB),1979,30.39
KOR,Corea del Sur,NE.IMP.GNFS.ZS,Importaciones (% PIB),1978,28.76
KOR,Corea del Sur,NE.IMP.GNFS.ZS,Importaciones (% PIB),1977,27.45
KOR,Corea del Sur,NE.IMP.GNFS.ZS,Importaciones (% PIB),1976,27.92
KOR,Corea del Sur,NE.IMP.GNFS.ZS,Importaciones (% PIB),1975,30.86
KOR,Corea del Sur,NE.IMP.GNFS.ZS,Importaciones (% PIB),1974,32.78
KOR,Corea del Sur,NE.IMP.GNFS.ZS,Importaciones (% PIB),1973,27.29
KOR,Corea del Sur,NE.IMP.GNFS.ZS,Importaciones (% PIB),1972,21.2
KOR,Corea del Sur,NE.IMP.GNFS.ZS,Importaciones (% PIB),1971,22.79
KOR,Corea del Sur,NE.IMP.GNFS.ZS,Importaciones (% PIB),1970,20.94
KOR,Corea del Sur,NE.IMP.GNFS.ZS,Importaciones (% PIB),1969,22.26
KOR,Corea del Sur,NE.IMP.GNFS.ZS,Importaciones (% PIB),1968,22.46
KOR,Corea del Sur,NE.IMP.GNFS.ZS,Importaciones (% PIB),1967,19.52
KOR,Corea del Sur,NE.IMP.GNFS.ZS,Importaciones (% PIB),1966,18.09
KOR,Corea del Sur,NE.IMP.GNFS.ZS,Importaciones (% PIB),1965,14.23
KOR,Corea del Sur,NE.IMP.GNFS.ZS,Importaciones (% PIB),1964,12.32
KOR,Corea del Sur,NE.IMP.GNFS.ZS,Importaciones (% PIB),1963,14.59
KOR,Corea del Sur,NE.IMP.GNFS.ZS,Importaciones (% PIB),1962,15.54
KOR,Corea del Sur,NE.IMP.GNFS.ZS,Importaciones (% PIB),1961,13.9
KOR,Corea del Sur,NE.IMP.GNFS.ZS,Importaciones (% PIB),1960,11.92
KOR,Corea del Sur,BN.CAB.XOKA.GD.ZS,Cuenta corriente (% PIB),2023,1.78
KOR,Corea del Sur,BN.CAB.XOKA.GD.ZS,Cuenta corriente (% PIB),2022,1.44
KOR,Corea del Sur,BN.CAB.XOKA.GD.ZS,Cuenta corriente (% PIB),2021,4.39
KOR,Corea del Sur,BN.CAB.XOKA.GD.ZS,Cuenta corriente (% PIB),2020,4.35
KOR,Corea del Sur,BN.CAB.XOKA.GD.ZS,Cuenta corriente (% PIB),2019,3.41
KOR,Corea del Sur,BN.CAB.XOKA.GD.ZS,Cuenta corriente (% PIB),2018,4.25
KOR,Corea del Sur,BN.CAB.XOKA.GD.ZS,Cuenta corriente (% PIB),2017,4.4
KOR,Corea del Sur,BN.CAB.XOKA.GD.ZS,Cuenta corriente (% PIB),2016,6.2
KOR,Corea del Sur,BN.CAB.XOKA.GD.ZS,Cuenta corriente (% PIB),2015,6.83
KOR,Corea del Sur,BN.CAB.XOKA.GD.ZS,Cuenta corriente (% PIB),2014,5.34
KOR,Corea del Sur,BN.CAB.XOKA.GD.ZS,Cuenta corriente (% PIB),2013,5.39
KOR,Corea del Sur,BN.CAB.XOKA.GD.ZS,Cuenta corriente (% PIB),2012,3.65
KOR,Corea del Sur,BN.CAB.XOKA.GD.ZS,Cuenta corriente (% PIB),2011,1.27
KOR,Corea del Sur,BN.CAB.XOKA.GD.ZS,Cuenta corriente (% PIB),2010,2.34
KOR,Corea del Sur,BN.CAB.XOKA.GD.ZS,Cuenta corriente (% PIB),2009,3.37
KOR,Corea del Sur,BN.CAB.XOKA.GD.ZS,Cuenta corriente (% PIB),2008,0.16
KOR,Corea del Sur,BN.CAB.XOKA.GD.ZS,Cuenta corriente (% PIB),2007,0.86
KOR,Corea del Sur,BN.CAB.XOKA.GD.ZS,Cuenta corriente (% PIB),2006,0.19
KOR,Corea del Sur,BN.CAB.XOKA.GD.ZS,Cuenta corriente (% PIB),2005,1.26
KOR,Corea del Sur,BN.CAB.XOKA.GD.ZS,Cuenta corriente (% PIB),2004,3.56
KOR,Corea del Sur,BN.CAB.XOKA.GD.ZS,Cuenta corriente (% PIB),2003,1.55
KOR,Corea del Sur,BN.CAB.XOKA.GD.ZS,Cuenta corriente (% PIB),2002,0.63
KOR,Corea del Sur,BN.CAB.XOKA.GD.ZS,Cuenta corriente (% PIB),2001,0.38
KOR,Corea del Sur,BN.CAB.XOKA.GD.ZS,Cuenta corriente (% PIB),2000,1.7
KOR,Corea del Sur,BN.CAB.XOKA.GD.ZS,Cuenta corriente (% PIB),1999,4.22
KOR,Corea del Sur,BN.CAB.XOKA.GD.ZS,Cuenta corriente (% PIB),1998,10.1
KOR,Corea del Sur,BN.CAB.XOKA.GD.ZS,Cuenta corriente (% PIB),1997,-1.83
KOR,Corea del Sur,BN.CAB.XOKA.GD.ZS,Cuenta corriente (% PIB),1996,-3.88
KOR,Corea del Sur,BN.CAB.XOKA.GD.ZS,Cuenta corriente (% PIB),1995,-1.74
KOR,Corea del Sur,BN.CAB.XOKA.GD.ZS,Cuenta corriente (% PIB),1994,-1.0
KOR,Corea del Sur,BN.CAB.XOKA.GD.ZS,Cuenta corriente (% PIB),1993,0.42
KOR,Corea del Sur,BN.CAB.XOKA.GD.ZS,Cuenta corriente (% PIB),1992,-0.79
KOR,Corea del Sur,BN.CAB.XOKA.GD.ZS,Cuenta corriente (% PIB),1991,-2.36
KOR,Corea del Sur,BN.CAB.XOKA.GD.ZS,Cuenta corriente (% PIB),1990,-0.96
KOR,Corea del Sur,BN.CAB.XOKA.GD.ZS,Cuenta corriente (% PIB),1989,1.48
KOR,Corea del Sur,BN.CAB.XOKA.GD.ZS,Cuenta corriente (% PIB),1988,6.21
KOR,Corea del Sur,BN.CAB.XOKA.GD.ZS,Cuenta corriente (% PIB),1987,5.8
KOR,Corea del Sur,BN.CAB.XOKA.GD.ZS,Cuenta corriente (% PIB),1986,2.3
KOR,Corea del Sur,BN.CAB.XOKA.GD.ZS,Cuenta corriente (% PIB),1985,-2.0
KOR,Corea del Sur,BN.CAB.XOKA.GD.ZS,Cuenta corriente (% PIB),1984,-1.76
KOR,Corea del Sur,BN.CAB.XOKA.GD.ZS,Cuenta corriente (% PIB),1983,-3.91
KOR,Corea del Sur,BN.CAB.XOKA.GD.ZS,Cuenta corriente (% PIB),1982,-6.93
KOR,Corea del Sur,BN.CAB.XOKA.GD.ZS,Cuenta corriente (% PIB),1981,-8.64
KOR,Corea del Sur,BN.CAB.XOKA.GD.ZS,Cuenta corriente (% PIB),1980,-10.29
KOR,Corea del Sur,BN.CAB.XOKA.GD.ZS,Cuenta corriente (% PIB),1979,-6.1
KOR,Corea del Sur,BN.CAB.XOKA.GD.ZS,Cuenta corriente (% PIB),1978,-2.05
KOR,Corea del Sur,BN.CAB.XOKA.GD.ZS,Cuenta corriente (% PIB),1977,0.03
KOR,Corea del Sur,BN.CAB.XOKA.GD.ZS,Cuenta corriente (% PIB),1976,-1.02
MEX,Mexico,NE.TRD.GNFS.ZS,Apertura comercial (Trade % PIB),2023,73.58
MEX,Mexico,NE.TRD.GNFS.ZS,Apertura comercial (Trade % PIB),2022,88.8
MEX,Mexico,NE.TRD.GNFS.ZS,Apertura comercial (Trade % PIB),2021,83.07
MEX,Mexico,NE.TRD.GNFS.ZS,Apertura comercial (Trade % PIB),2020,76.85
MEX,Mexico,NE.TRD.GNFS.ZS,Apertura comercial (Trade % PIB),2019,77.46
MEX,Mexico,NE.TRD.GNFS.ZS,Apertura comercial (Trade % PIB),2018,80.21
MEX,Mexico,NE.TRD.GNFS.ZS,Apertura comercial (Trade % PIB),2017,76.95
MEX,Mexico,NE.TRD.GNFS.ZS,Apertura comercial (Trade % PIB),2016,75.69
MEX,Mexico,NE.TRD.GNFS.ZS,Apertura comercial (Trade % PIB),2015,70.41
MEX,Mexico,NE.TRD.GNFS.ZS,Apertura comercial (Trade % PIB),2014,64.1
MEX,Mexico,NE.TRD.GNFS.ZS,Apertura comercial (Trade % PIB),2013,62.69
MEX,Mexico,NE.TRD.GNFS.ZS,Apertura comercial (Trade % PIB),2012,64.26
MEX,Mexico,NE.TRD.GNFS.ZS,Apertura comercial (Trade % PIB),2011,62.16
MEX,Mexico,NE.TRD.GNFS.ZS,Apertura comercial (Trade % PIB),2010,59.27
MEX,Mexico,NE.TRD.GNFS.ZS,Apertura comercial (Trade % PIB),2009,54.59
MEX,Mexico,NE.TRD.GNFS.ZS,Apertura comercial (Trade % PIB),2008,56.37
MEX,Mexico,NE.TRD.GNFS.ZS,Apertura comercial (Trade % PIB),2007,55.26
MEX,Mexico,NE.TRD.GNFS.ZS,Apertura comercial (Trade % PIB),2006,54.48
MEX,Mexico,NE.TRD.GNFS.ZS,Apertura comercial (Trade % PIB),2005,52.56
MEX,Mexico,NE.TRD.GNFS.ZS,Apertura comercial (Trade % PIB),2004,52.04
MEX,Mexico,NE.TRD.GNFS.ZS,Apertura comercial (Trade % PIB),2003,48.7
MEX,Mexico,NE.TRD.GNFS.ZS,Apertura comercial (Trade % PIB),2002,45.21
MEX,Mexico,NE.TRD.GNFS.ZS,Apertura comercial (Trade % PIB),2001,44.74
MEX,Mexico,NE.TRD.GNFS.ZS,Apertura comercial (Trade % PIB),2000,49.91
MEX,Mexico,NE.TRD.GNFS.ZS,Apertura comercial (Trade % PIB),1999,48.01
MEX,Mexico,NE.TRD.GNFS.ZS,Apertura comercial (Trade % PIB),1998,48.03
MEX,Mexico,NE.TRD.GNFS.ZS,Apertura comercial (Trade % PIB),1997,46.49
MEX,Mexico,NE.TRD.GNFS.ZS,Apertura comercial (Trade % PIB),1996,47.77
MEX,Mexico,NE.TRD.GNFS.ZS,Apertura comercial (Trade % PIB),1995,43.67
MEX,Mexico,NE.TRD.GNFS.ZS,Apertura comercial (Trade % PIB),1994,29.16
MEX,Mexico,NE.TRD.GNFS.ZS,Apertura comercial (Trade % PIB),1993,26.16
MEX,Mexico,NE.TRD.GNFS.ZS,Apertura comercial (Trade % PIB),1992,35.55
MEX,Mexico,NE.TRD.GNFS.ZS,Apertura comercial (Trade % PIB),1991,35.79
MEX,Mexico,NE.TRD.GNFS.ZS,Apertura comercial (Trade % PIB),1990,38.52
MEX,Mexico,NE.TRD.GNFS.ZS,Apertura comercial (Trade % PIB),1989,38.33
MEX,Mexico,NE.TRD.GNFS.ZS,Apertura comercial (Trade % PIB),1988,38.79
MEX,Mexico,NE.TRD.GNFS.ZS,Apertura comercial (Trade % PIB),1987,31.26
MEX,Mexico,NE.TRD.GNFS.ZS,Apertura comercial (Trade % PIB),1986,29.61
MEX,Mexico,NE.TRD.GNFS.ZS,Apertura comercial (Trade % PIB),1985,24.33
MEX,Mexico,NE.TRD.GNFS.ZS,Apertura comercial (Trade % PIB),1984,25.67
MEX,Mexico,NE.TRD.GNFS.ZS,Apertura comercial (Trade % PIB),1983,27.1
MEX,Mexico,NE.TRD.GNFS.ZS,Apertura comercial (Trade % PIB),1982,24.13
MEX,Mexico,NE.TRD.GNFS.ZS,Apertura comercial (Trade % PIB),1981,22.12
MEX,Mexico,NE.TRD.GNFS.ZS,Apertura comercial (Trade % PIB),1980,22.43
MEX,Mexico,NE.TRD.GNFS.ZS,Apertura comercial (Trade % PIB),1979,23.64
MEX,Mexico,NE.TRD.GNFS.ZS,Apertura comercial (Trade % PIB),1978,21.51
MEX,Mexico,NE.TRD.GNFS.ZS,Apertura comercial (Trade % PIB),1977,20.54
MEX,Mexico,NE.TRD.GNFS.ZS,Apertura comercial (Trade % PIB),1976,18.36
MEX,Mexico,NE.TRD.GNFS.ZS,Apertura comercial (Trade % PIB),1975,16.51
MEX,Mexico,NE.TRD.GNFS.ZS,Apertura comercial (Trade % PIB),1974,18.98
MEX,Mexico,NE.TRD.GNFS.ZS,Apertura comercial (Trade % PIB),1973,17.88
MEX,Mexico,NE.TRD.GNFS.ZS,Apertura comercial (Trade % PIB),1972,16.89
MEX,Mexico,NE.TRD.GNFS.ZS,Apertura comercial (Trade % PIB),1971,16.36
MEX,Mexico,NE.TRD.GNFS.ZS,Apertura comercial (Trade % PIB),1970,17.41
MEX,Mexico,NE.TRD.GNFS.ZS,Apertura comercial (Trade % PIB),1969,16.82
MEX,Mexico,NE.TRD.GNFS.ZS,Apertura comercial (Trade % PIB),1968,16.39
MEX,Mexico,NE.TRD.GNFS.ZS,Apertura comercial (Trade % PIB),1967,15.88
MEX,Mexico,NE.TRD.GNFS.ZS,Apertura comercial (Trade % PIB),1966,16.48
MEX,Mexico,NE.TRD.GNFS.ZS,Apertura comercial (Trade % PIB),1965,17.16
MEX,Mexico,NE.TRD.GNFS.ZS,Apertura comercial (Trade % PIB),1964,17.49
MEX,Mexico,NE.TRD.GNFS.ZS,Apertura comercial (Trade % PIB),1963,18.27
MEX,Mexico,NE.TRD.GNFS.ZS,Apertura comercial (Trade % PIB),1962,18.68
MEX,Mexico,NE.TRD.GNFS.ZS,Apertura comercial (Trade % PIB),1961,19.03
MEX,Mexico,NE.TRD.GNFS.ZS,Apertura comercial (Trade % PIB),1960,20.17
MEX,Mexico,NE.EXP.GNFS.ZS,Exportaciones (% PIB),2023,36.07
MEX,Mexico,NE.EXP.GNFS.ZS,Exportaciones (% PIB),2022,42.93
MEX,Mexico,NE.EXP.GNFS.ZS,Exportaciones (% PIB),2021,40.57
MEX,Mexico,NE.EXP.GNFS.ZS,Exportaciones (% PIB),2020,39.24
MEX,Mexico,NE.EXP.GNFS.ZS,Exportaciones (% PIB),2019,38.53
MEX,Mexico,NE.EXP.GNFS.ZS,Exportaciones (% PIB),2018,39.04
MEX,Mexico,NE.EXP.GNFS.ZS,Exportaciones (% PIB),2017,37.51
MEX,Mexico,NE.EXP.GNFS.ZS,Exportaciones (% PIB),2016,36.82
MEX,Mexico,NE.EXP.GNFS.ZS,Exportaciones (% PIB),2015,34.16
MEX,Mexico,NE.EXP.GNFS.ZS,Exportaciones (% PIB),2014,31.46
MEX,Mexico,NE.EXP.GNFS.ZS,Exportaciones (% PIB),2013,30.76
MEX,Mexico,NE.EXP.GNFS.ZS,Exportaciones (% PIB),2012,31.54
MEX,Mexico,NE.EXP.GNFS.ZS,Exportaciones (% PIB),2011,30.44
MEX,Mexico,NE.EXP.GNFS.ZS,Exportaciones (% PIB),2010,29.02
MEX,Mexico,NE.EXP.GNFS.ZS,Exportaciones (% PIB),2009,26.51
MEX,Mexico,NE.EXP.GNFS.ZS,Exportaciones (% PIB),2008,27.02
MEX,Mexico,NE.EXP.GNFS.ZS,Exportaciones (% PIB),2007,26.78
MEX,Mexico,NE.EXP.GNFS.ZS,Exportaciones (% PIB),2006,26.55
MEX,Mexico,NE.EXP.GNFS.ZS,Exportaciones (% PIB),2005,25.49
MEX,Mexico,NE.EXP.GNFS.ZS,Exportaciones (% PIB),2004,25.1
MEX,Mexico,NE.EXP.GNFS.ZS,Exportaciones (% PIB),2003,23.66
MEX,Mexico,NE.EXP.GNFS.ZS,Exportaciones (% PIB),2002,21.85
MEX,Mexico,NE.EXP.GNFS.ZS,Exportaciones (% PIB),2001,21.54
MEX,Mexico,NE.EXP.GNFS.ZS,Exportaciones (% PIB),2000,24.23
MEX,Mexico,NE.EXP.GNFS.ZS,Exportaciones (% PIB),1999,23.42
MEX,Mexico,NE.EXP.GNFS.ZS,Exportaciones (% PIB),1998,23.22
MEX,Mexico,NE.EXP.GNFS.ZS,Exportaciones (% PIB),1997,23.26
MEX,Mexico,NE.EXP.GNFS.ZS,Exportaciones (% PIB),1996,24.72
MEX,Mexico,NE.EXP.GNFS.ZS,Exportaciones (% PIB),1995,22.87
MEX,Mexico,NE.EXP.GNFS.ZS,Exportaciones (% PIB),1994,12.75
MEX,Mexico,NE.EXP.GNFS.ZS,Exportaciones (% PIB),1993,11.6
MEX,Mexico,NE.EXP.GNFS.ZS,Exportaciones (% PIB),1992,15.26
MEX,Mexico,NE.EXP.GNFS.ZS,Exportaciones (% PIB),1991,16.43
MEX,Mexico,NE.EXP.GNFS.ZS,Exportaciones (% PIB),1990,18.7
MEX,Mexico,NE.EXP.GNFS.ZS,Exportaciones (% PIB),1989,19.13
MEX,Mexico,NE.EXP.GNFS.ZS,Exportaciones (% PIB),1988,20.1
MEX,Mexico,NE.EXP.GNFS.ZS,Exportaciones (% PIB),1987,18.54
MEX,Mexico,NE.EXP.GNFS.ZS,Exportaciones (% PIB),1986,16.68
MEX,Mexico,NE.EXP.GNFS.ZS,Exportaciones (% PIB),1985,14.57
MEX,Mexico,NE.EXP.GNFS.ZS,Exportaciones (% PIB),1984,16.57
MEX,Mexico,NE.EXP.GNFS.ZS,Exportaciones (% PIB),1983,18.12
MEX,Mexico,NE.EXP.GNFS.ZS,Exportaciones (% PIB),1982,14.43
MEX,Mexico,NE.EXP.GNFS.ZS,Exportaciones (% PIB),1981,9.86
MEX,Mexico,NE.EXP.GNFS.ZS,Exportaciones (% PIB),1980,10.14
MEX,Mexico,NE.EXP.GNFS.ZS,Exportaciones (% PIB),1979,11.19
MEX,Mexico,NE.EXP.GNFS.ZS,Exportaciones (% PIB),1978,10.47
MEX,Mexico,NE.EXP.GNFS.ZS,Exportaciones (% PIB),1977,10.32
MEX,Mexico,NE.EXP.GNFS.ZS,Exportaciones (% PIB),1976,8.49
MEX,Mexico,NE.EXP.GNFS.ZS,Exportaciones (% PIB),1975,6.89
MEX,Mexico,NE.EXP.GNFS.ZS,Exportaciones (% PIB),1974,8.41
MEX,Mexico,NE.EXP.GNFS.ZS,Exportaciones (% PIB),1973,8.41
MEX,Mexico,NE.EXP.GNFS.ZS,Exportaciones (% PIB),1972,8.06
MEX,Mexico,NE.EXP.GNFS.ZS,Exportaciones (% PIB),1971,7.64
MEX,Mexico,NE.EXP.GNFS.ZS,Exportaciones (% PIB),1970,7.75
MEX,Mexico,NE.EXP.GNFS.ZS,Exportaciones (% PIB),1969,7.55
MEX,Mexico,NE.EXP.GNFS.ZS,Exportaciones (% PIB),1968,7.04
MEX,Mexico,NE.EXP.GNFS.ZS,Exportaciones (% PIB),1967,6.87
MEX,Mexico,NE.EXP.GNFS.ZS,Exportaciones (% PIB),1966,7.47
MEX,Mexico,NE.EXP.GNFS.ZS,Exportaciones (% PIB),1965,7.63
MEX,Mexico,NE.EXP.GNFS.ZS,Exportaciones (% PIB),1964,7.63
MEX,Mexico,NE.EXP.GNFS.ZS,Exportaciones (% PIB),1963,8.32
MEX,Mexico,NE.EXP.GNFS.ZS,Exportaciones (% PIB),1962,8.57
MEX,Mexico,NE.EXP.GNFS.ZS,Exportaciones (% PIB),1961,8.41
MEX,Mexico,NE.EXP.GNFS.ZS,Exportaciones (% PIB),1960,8.51
MEX,Mexico,NE.IMP.GNFS.ZS,Importaciones (% PIB),2023,37.51
MEX,Mexico,NE.IMP.GNFS.ZS,Importaciones (% PIB),2022,45.87
MEX,Mexico,NE.IMP.GNFS.ZS,Importaciones (% PIB),2021,42.5
MEX,Mexico,NE.IMP.GNFS.ZS,Importaciones (% PIB),2020,37.62
MEX,Mexico,NE.IMP.GNFS.ZS,Importaciones (% PIB),2019,38.93
MEX,Mexico,NE.IMP.GNFS.ZS,Importaciones (% PIB),2018,41.17
MEX,Mexico,NE.IMP.GNFS.ZS,Importaciones (% PIB),2017,39.44
MEX,Mexico,NE.IMP.GNFS.ZS,Importaciones (% PIB),2016,38.87
MEX,Mexico,NE.IMP.GNFS.ZS,Importaciones (% PIB),2015,36.25
MEX,Mexico,NE.IMP.GNFS.ZS,Importaciones (% PIB),2014,32.64
MEX,Mexico,NE.IMP.GNFS.ZS,Importaciones (% PIB),2013,31.94
MEX,Mexico,NE.IMP.GNFS.ZS,Importaciones (% PIB),2012,32.72
MEX,Mexico,NE.IMP.GNFS.ZS,Importaciones (% PIB),2011,31.72
MEX,Mexico,NE.IMP.GNFS.ZS,Importaciones (% PIB),2010,30.26
MEX,Mexico,NE.IMP.GNFS.ZS,Importaciones (% PIB),2009,28.08
MEX,Mexico,NE.IMP.GNFS.ZS,Importaciones (% PIB),2008,29.35
MEX,Mexico,NE.IMP.GNFS.ZS,Importaciones (% PIB),2007,28.48
MEX,Mexico,NE.IMP.GNFS.ZS,Importaciones (% PIB),2006,27.93
MEX,Mexico,NE.IMP.GNFS.ZS,Importaciones (% PIB),2005,27.08
MEX,Mexico,NE.IMP.GNFS.ZS,Importaciones (% PIB),2004,26.94
MEX,Mexico,NE.IMP.GNFS.ZS,Importaciones (% PIB),2003,25.04
MEX,Mexico,NE.IMP.GNFS.ZS,Importaciones (% PIB),2002,23.36
MEX,Mexico,NE.IMP.GNFS.ZS,Importaciones (% PIB),2001,23.2
MEX,Mexico,NE.IMP.GNFS.ZS,Importaciones (% PIB),2000,25.68
MEX,Mexico,NE.IMP.GNFS.ZS,Importaciones (% PIB),1999,24.6
MEX,Mexico,NE.IMP.GNFS.ZS,Importaciones (% PIB),1998,24.81
MEX,Mexico,NE.IMP.GNFS.ZS,Importaciones (% PIB),1997,23.24
MEX,Mexico,NE.IMP.GNFS.ZS,Importaciones (% PIB),1996,23.04
MEX,Mexico,NE.IMP.GNFS.ZS,Importaciones (% PIB),1995,20.8
MEX,Mexico,NE.IMP.GNFS.ZS,Importaciones (% PIB),1994,16.4
MEX,Mexico,NE.IMP.GNFS.ZS,Importaciones (% PIB),1993,14.57
MEX,Mexico,NE.IMP.GNFS.ZS,Importaciones (% PIB),1992,20.3
MEX,Mexico,NE.IMP.GNFS.ZS,Importaciones (% PIB),1991,19.35
MEX,Mexico,NE.IMP.GNFS.ZS,Importaciones (% PIB),1990,19.82
MEX,Mexico,NE.IMP.GNFS.ZS,Importaciones (% PIB),1989,19.2
MEX,Mexico,NE.IMP.GNFS.ZS,Importaciones (% PIB),1988,18.69
MEX,Mexico,NE.IMP.GNFS.ZS,Importaciones (% PIB),1987,12.73
MEX,Mexico,NE.IMP.GNFS.ZS,Importaciones (% PIB),1986,12.92
MEX,Mexico,NE.IMP.GNFS.ZS,Importaciones (% PIB),1985,9.76
MEX,Mexico,NE.IMP.GNFS.ZS,Importaciones (% PIB),1984,9.11
MEX,Mexico,NE.IMP.GNFS.ZS,Importaciones (% PIB),1983,8.98
MEX,Mexico,NE.IMP.GNFS.ZS,Importaciones (% PIB),1982,9.71
MEX,Mexico,NE.IMP.GNFS.ZS,Importaciones (% PIB),1981,12.26
MEX,Mexico,NE.IMP.GNFS.ZS,Importaciones (% PIB),1980,12.29
MEX,Mexico,NE.IMP.GNFS.ZS,Importaciones (% PIB),1979,12.45
MEX,Mexico,NE.IMP.GNFS.ZS,Importaciones (% PIB),1978,11.04
MEX,Mexico,NE.IMP.GNFS.ZS,Importaciones (% PIB),1977,10.22
MEX,Mexico,NE.IMP.GNFS.ZS,Importaciones (% PIB),1976,9.87
MEX,Mexico,NE.IMP.GNFS.ZS,Importaciones (% PIB),1975,9.62
MEX,Mexico,NE.IMP.GNFS.ZS,Importaciones (% PIB),1974,10.57
MEX,Mexico,NE.IMP.GNFS.ZS,Importaciones (% PIB),1973,9.46
MEX,Mexico,NE.IMP.GNFS.ZS,Importaciones (% PIB),1972,8.83
MEX,Mexico,NE.IMP.GNFS.ZS,Importaciones (% PIB),1971,8.72
MEX,Mexico,NE.IMP.GNFS.ZS,Importaciones (% PIB),1970,9.66
MEX,Mexico,NE.IMP.GNFS.ZS,Importaciones (% PIB),1969,9.27
MEX,Mexico,NE.IMP.GNFS.ZS,Importaciones (% PIB),1968,9.35
MEX,Mexico,NE.IMP.GNFS.ZS,Importaciones (% PIB),1967,9.01
MEX,Mexico,NE.IMP.GNFS.ZS,Importaciones (% PIB),1966,9.01
MEX,Mexico,NE.IMP.GNFS.ZS,Importaciones (% PIB),1965,9.52
MEX,Mexico,NE.IMP.GNFS.ZS,Importaciones (% PIB),1964,9.85
MEX,Mexico,NE.IMP.GNFS.ZS,Importaciones (% PIB),1963,9.95
MEX,Mexico,NE.IMP.GNFS.ZS,Importaciones (% PIB),1962,10.11
MEX,Mexico,NE.IMP.GNFS.ZS,Importaciones (% PIB),1961,10.62
MEX,Mexico,NE.IMP.GNFS.ZS,Importaciones (% PIB),1960,11.66
MEX,Mexico,BN.CAB.XOKA.GD.ZS,Cuenta corriente (% PIB),2023,-0.7
MEX,Mexico,BN.CAB.XOKA.GD.ZS,Cuenta corriente (% PIB),2022,-1.29
MEX,Mexico,BN.CAB.XOKA.GD.ZS,Cuenta corriente (% PIB),2021,-0.35
MEX,Mexico,BN.CAB.XOKA.GD.ZS,Cuenta corriente (% PIB),2020,2.4
MEX,Mexico,BN.CAB.XOKA.GD.ZS,Cuenta corriente (% PIB),2019,-0.3
MEX,Mexico,BN.CAB.XOKA.GD.ZS,Cuenta corriente (% PIB),2018,-2.06
MEX,Mexico,BN.CAB.XOKA.GD.ZS,Cuenta corriente (% PIB),2017,-1.8
MEX,Mexico,BN.CAB.XOKA.GD.ZS,Cuenta corriente (% PIB),2016,-2.27
MEX,Mexico,BN.CAB.XOKA.GD.ZS,Cuenta corriente (% PIB),2015,-2.6
MEX,Mexico,BN.CAB.XOKA.GD.ZS,Cuenta corriente (% PIB),2014,-1.82
MEX,Mexico,BN.CAB.XOKA.GD.ZS,Cuenta corriente (% PIB),2013,-2.39
MEX,Mexico,BN.CAB.XOKA.GD.ZS,Cuenta corriente (% PIB),2012,-1.41
MEX,Mexico,BN.CAB.XOKA.GD.ZS,Cuenta corriente (% PIB),2011,-0.86
MEX,Mexico,BN.CAB.XOKA.GD.ZS,Cuenta corriente (% PIB),2010,-0.34
MEX,Mexico,BN.CAB.XOKA.GD.ZS,Cuenta corriente (% PIB),2009,-0.75
MEX,Mexico,BN.CAB.XOKA.GD.ZS,Cuenta corriente (% PIB),2008,-1.41
MEX,Mexico,BN.CAB.XOKA.GD.ZS,Cuenta corriente (% PIB),2007,-0.84
MEX,Mexico,BN.CAB.XOKA.GD.ZS,Cuenta corriente (% PIB),2006,-0.32
MEX,Mexico,BN.CAB.XOKA.GD.ZS,Cuenta corriente (% PIB),2005,-0.62
MEX,Mexico,BN.CAB.XOKA.GD.ZS,Cuenta corriente (% PIB),2004,-0.46
MEX,Mexico,BN.CAB.XOKA.GD.ZS,Cuenta corriente (% PIB),2003,-0.53
MEX,Mexico,BN.CAB.XOKA.GD.ZS,Cuenta corriente (% PIB),2002,-1.53
MEX,Mexico,BN.CAB.XOKA.GD.ZS,Cuenta corriente (% PIB),2001,-2.23
MEX,Mexico,BN.CAB.XOKA.GD.ZS,Cuenta corriente (% PIB),2000,-2.53
MEX,Mexico,BN.CAB.XOKA.GD.ZS,Cuenta corriente (% PIB),1999,-2.22
MEX,Mexico,BN.CAB.XOKA.GD.ZS,Cuenta corriente (% PIB),1998,-2.87
MEX,Mexico,BN.CAB.XOKA.GD.ZS,Cuenta corriente (% PIB),1997,-1.46
MEX,Mexico,BN.CAB.XOKA.GD.ZS,Cuenta corriente (% PIB),1996,-0.58
MEX,Mexico,BN.CAB.XOKA.GD.ZS,Cuenta corriente (% PIB),1995,-0.41
MEX,Mexico,BN.CAB.XOKA.GD.ZS,Cuenta corriente (% PIB),1994,-5.36
MEX,Mexico,BN.CAB.XOKA.GD.ZS,Cuenta corriente (% PIB),1993,-4.41
MEX,Mexico,BN.CAB.XOKA.GD.ZS,Cuenta corriente (% PIB),1992,-6.73
MEX,Mexico,BN.CAB.XOKA.GD.ZS,Cuenta corriente (% PIB),1991,-4.75
MEX,Mexico,BN.CAB.XOKA.GD.ZS,Cuenta corriente (% PIB),1990,-2.85
MEX,Mexico,BN.CAB.XOKA.GD.ZS,Cuenta corriente (% PIB),1989,-2.63
MEX,Mexico,BN.CAB.XOKA.GD.ZS,Cuenta corriente (% PIB),1988,-1.31
MEX,Mexico,BN.CAB.XOKA.GD.ZS,Cuenta corriente (% PIB),1987,2.88
MEX,Mexico,BN.CAB.XOKA.GD.ZS,Cuenta corriente (% PIB),1986,-1.02
MEX,Mexico,BN.CAB.XOKA.GD.ZS,Cuenta corriente (% PIB),1985,0.41
MEX,Mexico,BN.CAB.XOKA.GD.ZS,Cuenta corriente (% PIB),1984,2.27
MEX,Mexico,BN.CAB.XOKA.GD.ZS,Cuenta corriente (% PIB),1983,3.76
MEX,Mexico,BN.CAB.XOKA.GD.ZS,Cuenta corriente (% PIB),1982,-3.19
MEX,Mexico,BN.CAB.XOKA.GD.ZS,Cuenta corriente (% PIB),1981,-6.16
MEX,Mexico,BN.CAB.XOKA.GD.ZS,Cuenta corriente (% PIB),1980,-5.07
MEX,Mexico,BN.CAB.XOKA.GD.ZS,Cuenta corriente (% PIB),1979,-4.02
IND,India,NE.TRD.GNFS.ZS,Apertura comercial (Trade % PIB),2023,44.99
IND,India,NE.TRD.GNFS.ZS,Apertura comercial (Trade % PIB),2022,50.08
IND,India,NE.TRD.GNFS.ZS,Apertura comercial (Trade % PIB),2021,45.42
IND,India,NE.TRD.GNFS.ZS,Apertura comercial (Trade % PIB),2020,37.76
IND,India,NE.TRD.GNFS.ZS,Apertura comercial (Trade % PIB),2019,39.91
IND,India,NE.TRD.GNFS.ZS,Apertura comercial (Trade % PIB),2018,43.62
IND,India,NE.TRD.GNFS.ZS,Apertura comercial (Trade % PIB),2017,40.74
IND,India,NE.TRD.GNFS.ZS,Apertura comercial (Trade % PIB),2016,40.08
IND,India,NE.TRD.GNFS.ZS,Apertura comercial (Trade % PIB),2015,41.92
IND,India,NE.TRD.GNFS.ZS,Apertura comercial (Trade % PIB),2014,48.92
IND,India,NE.TRD.GNFS.ZS,Apertura comercial (Trade % PIB),2013,53.84
IND,India,NE.TRD.GNFS.ZS,Apertura comercial (Trade % PIB),2012,55.79
IND,India,NE.TRD.GNFS.ZS,Apertura comercial (Trade % PIB),2011,55.62
IND,India,NE.TRD.GNFS.ZS,Apertura comercial (Trade % PIB),2010,49.26
IND,India,NE.TRD.GNFS.ZS,Apertura comercial (Trade % PIB),2009,46.27
IND,India,NE.TRD.GNFS.ZS,Apertura comercial (Trade % PIB),2008,53.37
IND,India,NE.TRD.GNFS.ZS,Apertura comercial (Trade % PIB),2007,45.69
IND,India,NE.TRD.GNFS.ZS,Apertura comercial (Trade % PIB),2006,45.72
IND,India,NE.TRD.GNFS.ZS,Apertura comercial (Trade % PIB),2005,42.0
IND,India,NE.TRD.GNFS.ZS,Apertura comercial (Trade % PIB),2004,37.5
IND,India,NE.TRD.GNFS.ZS,Apertura comercial (Trade % PIB),2003,30.59
IND,India,NE.TRD.GNFS.ZS,Apertura comercial (Trade % PIB),2002,29.51
IND,India,NE.TRD.GNFS.ZS,Apertura comercial (Trade % PIB),2001,25.99
IND,India,NE.TRD.GNFS.ZS,Apertura comercial (Trade % PIB),2000,26.9
IND,India,NE.TRD.GNFS.ZS,Apertura comercial (Trade % PIB),1999,24.82
IND,India,NE.TRD.GNFS.ZS,Apertura comercial (Trade % PIB),1998,23.7
IND,India,NE.TRD.GNFS.ZS,Apertura comercial (Trade % PIB),1997,22.62
IND,India,NE.TRD.GNFS.ZS,Apertura comercial (Trade % PIB),1996,21.93
IND,India,NE.TRD.GNFS.ZS,Apertura comercial (Trade % PIB),1995,22.87
IND,India,NE.TRD.GNFS.ZS,Apertura comercial (Trade % PIB),1994,20.08
IND,India,NE.TRD.GNFS.ZS,Apertura comercial (Trade % PIB),1993,19.65
IND,India,NE.TRD.GNFS.ZS,Apertura comercial (Trade % PIB),1992,18.43
IND,India,NE.TRD.GNFS.ZS,Apertura comercial (Trade % PIB),1991,16.99
IND,India,NE.TRD.GNFS.ZS,Apertura comercial (Trade % PIB),1990,15.51
IND,India,NE.TRD.GNFS.ZS,Apertura comercial (Trade % PIB),1989,15.17
IND,India,NE.TRD.GNFS.ZS,Apertura comercial (Trade % PIB),1988,13.49
IND,India,NE.TRD.GNFS.ZS,Apertura comercial (Trade % PIB),1987,12.58
IND,India,NE.TRD.GNFS.ZS,Apertura comercial (Trade % PIB),1986,12.22
IND,India,NE.TRD.GNFS.ZS,Apertura comercial (Trade % PIB),1985,12.9
IND,India,NE.TRD.GNFS.ZS,Apertura comercial (Trade % PIB),1984,14.01
IND,India,NE.TRD.GNFS.ZS,Apertura comercial (Trade % PIB),1983,13.69
IND,India,NE.TRD.GNFS.ZS,Apertura comercial (Trade % PIB),1982,14.13
IND,India,NE.TRD.GNFS.ZS,Apertura comercial (Trade % PIB),1981,14.51
IND,India,NE.TRD.GNFS.ZS,Apertura comercial (Trade % PIB),1980,15.38
IND,India,NE.TRD.GNFS.ZS,Apertura comercial (Trade % PIB),1979,14.92
IND,India,NE.TRD.GNFS.ZS,Apertura comercial (Trade % PIB),1978,12.9
IND,India,NE.TRD.GNFS.ZS,Apertura comercial (Trade % PIB),1977,12.65
IND,India,NE.TRD.GNFS.ZS,Apertura comercial (Trade % PIB),1976,12.8
IND,India,NE.TRD.GNFS.ZS,Apertura comercial (Trade % PIB),1975,12.29
IND,India,NE.TRD.GNFS.ZS,Apertura comercial (Trade % PIB),1974,10.85
IND,India,NE.TRD.GNFS.ZS,Apertura comercial (Trade % PIB),1973,8.93
IND,India,NE.TRD.GNFS.ZS,Apertura comercial (Trade % PIB),1972,7.74
IND,India,NE.TRD.GNFS.ZS,Apertura comercial (Trade % PIB),1971,7.67
IND,India,NE.TRD.GNFS.ZS,Apertura comercial (Trade % PIB),1970,7.66
IND,India,NE.TRD.GNFS.ZS,Apertura comercial (Trade % PIB),1969,7.74
IND,India,NE.TRD.GNFS.ZS,Apertura comercial (Trade % PIB),1968,8.98
IND,India,NE.TRD.GNFS.ZS,Apertura comercial (Trade % PIB),1967,9.98
IND,India,NE.TRD.GNFS.ZS,Apertura comercial (Trade % PIB),1966,10.81
IND,India,NE.TRD.GNFS.ZS,Apertura comercial (Trade % PIB),1965,8.52
IND,India,NE.TRD.GNFS.ZS,Apertura comercial (Trade % PIB),1964,9.41
IND,India,NE.TRD.GNFS.ZS,Apertura comercial (Trade % PIB),1963,10.19
IND,India,NE.TRD.GNFS.ZS,Apertura comercial (Trade % PIB),1962,10.2
IND,India,NE.TRD.GNFS.ZS,Apertura comercial (Trade % PIB),1961,10.26
IND,India,NE.TRD.GNFS.ZS,Apertura comercial (Trade % PIB),1960,11.3
IND,India,NE.EXP.GNFS.ZS,Exportaciones (% PIB),2023,21.45
IND,India,NE.EXP.GNFS.ZS,Exportaciones (% PIB),2022,23.25
IND,India,NE.EXP.GNFS.ZS,Exportaciones (% PIB),2021,21.4
IND,India,NE.EXP.GNFS.ZS,Exportaciones (% PIB),2020,18.68
IND,India,NE.EXP.GNFS.ZS,Exportaciones (% PIB),2019,18.66
IND,India,NE.EXP.GNFS.ZS,Exportaciones (% PIB),2018,19.93
IND,India,NE.EXP.GNFS.ZS,Exportaciones (% PIB),2017,18.79
IND,India,NE.EXP.GNFS.ZS,Exportaciones (% PIB),2016,19.16
IND,India,NE.EXP.GNFS.ZS,Exportaciones (% PIB),2015,19.81
IND,India,NE.EXP.GNFS.ZS,Exportaciones (% PIB),2014,22.97
IND,India,NE.EXP.GNFS.ZS,Exportaciones (% PIB),2013,25.43
IND,India,NE.EXP.GNFS.ZS,Exportaciones (% PIB),2012,24.53
IND,India,NE.EXP.GNFS.ZS,Exportaciones (% PIB),2011,24.54
IND,India,NE.EXP.GNFS.ZS,Exportaciones (% PIB),2010,22.4
IND,India,NE.EXP.GNFS.ZS,Exportaciones (% PIB),2009,20.4
IND,India,NE.EXP.GNFS.ZS,Exportaciones (% PIB),2008,24.1
IND,India,NE.EXP.GNFS.ZS,Exportaciones (% PIB),2007,20.8
IND,India,NE.EXP.GNFS.ZS,Exportaciones (% PIB),2006,21.27
IND,India,NE.EXP.GNFS.ZS,Exportaciones (% PIB),2005,19.61
IND,India,NE.EXP.GNFS.ZS,Exportaciones (% PIB),2004,17.86
IND,India,NE.EXP.GNFS.ZS,Exportaciones (% PIB),2003,14.95
IND,India,NE.EXP.GNFS.ZS,Exportaciones (% PIB),2002,14.26
IND,India,NE.EXP.GNFS.ZS,Exportaciones (% PIB),2001,12.56
IND,India,NE.EXP.GNFS.ZS,Exportaciones (% PIB),2000,13.0
IND,India,NE.EXP.GNFS.ZS,Exportaciones (% PIB),1999,11.45
IND,India,NE.EXP.GNFS.ZS,Exportaciones (% PIB),1998,11.02
IND,India,NE.EXP.GNFS.ZS,Exportaciones (% PIB),1997,10.69
IND,India,NE.EXP.GNFS.ZS,Exportaciones (% PIB),1996,10.39
IND,India,NE.EXP.GNFS.ZS,Exportaciones (% PIB),1995,10.84
IND,India,NE.EXP.GNFS.ZS,Exportaciones (% PIB),1994,9.89
IND,India,NE.EXP.GNFS.ZS,Exportaciones (% PIB),1993,9.83
IND,India,NE.EXP.GNFS.ZS,Exportaciones (% PIB),1992,8.84
IND,India,NE.EXP.GNFS.ZS,Exportaciones (% PIB),1991,8.49
IND,India,NE.EXP.GNFS.ZS,Exportaciones (% PIB),1990,7.05
IND,India,NE.EXP.GNFS.ZS,Exportaciones (% PIB),1989,7.02
IND,India,NE.EXP.GNFS.ZS,Exportaciones (% PIB),1988,6.04
IND,India,NE.EXP.GNFS.ZS,Exportaciones (% PIB),1987,5.6
IND,India,NE.EXP.GNFS.ZS,Exportaciones (% PIB),1986,5.2
IND,India,NE.EXP.GNFS.ZS,Exportaciones (% PIB),1985,5.25
IND,India,NE.EXP.GNFS.ZS,Exportaciones (% PIB),1984,6.28
IND,India,NE.EXP.GNFS.ZS,Exportaciones (% PIB),1983,5.84
IND,India,NE.EXP.GNFS.ZS,Exportaciones (% PIB),1982,5.98
IND,India,NE.EXP.GNFS.ZS,Exportaciones (% PIB),1981,5.94
IND,India,NE.EXP.GNFS.ZS,Exportaciones (% PIB),1980,6.14
IND,India,NE.EXP.GNFS.ZS,Exportaciones (% PIB),1979,6.75
IND,India,NE.EXP.GNFS.ZS,Exportaciones (% PIB),1978,6.31
IND,India,NE.EXP.GNFS.ZS,Exportaciones (% PIB),1977,6.38
IND,India,NE.EXP.GNFS.ZS,Exportaciones (% PIB),1976,6.69
IND,India,NE.EXP.GNFS.ZS,Exportaciones (% PIB),1975,5.65
IND,India,NE.EXP.GNFS.ZS,Exportaciones (% PIB),1974,4.83
IND,India,NE.EXP.GNFS.ZS,Exportaciones (% PIB),1973,4.21
IND,India,NE.EXP.GNFS.ZS,Exportaciones (% PIB),1972,4.03
IND,India,NE.EXP.GNFS.ZS,Exportaciones (% PIB),1971,3.67
IND,India,NE.EXP.GNFS.ZS,Exportaciones (% PIB),1970,3.78
IND,India,NE.EXP.GNFS.ZS,Exportaciones (% PIB),1969,3.71
IND,India,NE.EXP.GNFS.ZS,Exportaciones (% PIB),1968,4.04
IND,India,NE.EXP.GNFS.ZS,Exportaciones (% PIB),1967,4.03
IND,India,NE.EXP.GNFS.ZS,Exportaciones (% PIB),1966,4.14
IND,India,NE.EXP.GNFS.ZS,Exportaciones (% PIB),1965,3.31
IND,India,NE.EXP.GNFS.ZS,Exportaciones (% PIB),1964,3.73
IND,India,NE.EXP.GNFS.ZS,Exportaciones (% PIB),1963,4.28
IND,India,NE.EXP.GNFS.ZS,Exportaciones (% PIB),1962,4.17
IND,India,NE.EXP.GNFS.ZS,Exportaciones (% PIB),1961,4.3
IND,India,NE.EXP.GNFS.ZS,Exportaciones (% PIB),1960,4.46
IND,India,NE.IMP.GNFS.ZS,Importaciones (% PIB),2023,23.54
IND,India,NE.IMP.GNFS.ZS,Importaciones (% PIB),2022,26.82
IND,India,NE.IMP.GNFS.ZS,Importaciones (% PIB),2021,24.02
IND,India,NE.IMP.GNFS.ZS,Importaciones (% PIB),2020,19.08
IND,India,NE.IMP.GNFS.ZS,Importaciones (% PIB),2019,21.24
IND,India,NE.IMP.GNFS.ZS,Importaciones (% PIB),2018,23.69
IND,India,NE.IMP.GNFS.ZS,Importaciones (% PIB),2017,21.95
IND,India,NE.IMP.GNFS.ZS,Importaciones (% PIB),2016,20.92
IND,India,NE.IMP.GNFS.ZS,Importaciones (% PIB),2015,22.11
IND,India,NE.IMP.GNFS.ZS,Importaciones (% PIB),2014,25.95
IND,India,NE.IMP.GNFS.ZS,Importaciones (% PIB),2013,28.41
IND,India,NE.IMP.GNFS.ZS,Importaciones (% PIB),2012,31.26
IND,India,NE.IMP.GNFS.ZS,Importaciones (% PIB),2011,31.08
IND,India,NE.IMP.GNFS.ZS,Importaciones (% PIB),2010,26.85
IND,India,NE.IMP.GNFS.ZS,Importaciones (% PIB),2009,25.87
IND,India,NE.IMP.GNFS.ZS,Importaciones (% PIB),2008,29.27
IND,India,NE.IMP.GNFS.ZS,Importaciones (% PIB),2007,24.89
IND,India,NE.IMP.GNFS.ZS,Importaciones (% PIB),2006,24.46
IND,India,NE.IMP.GNFS.ZS,Importaciones (% PIB),2005,22.4
IND,India,NE.IMP.GNFS.ZS,Importaciones (% PIB),2004,19.64
IND,India,NE.IMP.GNFS.ZS,Importaciones (% PIB),2003,15.64
IND,India,NE.IMP.GNFS.ZS,Importaciones (% PIB),2002,15.24
IND,India,NE.IMP.GNFS.ZS,Importaciones (% PIB),2001,13.43
IND,India,NE.IMP.GNFS.ZS,Importaciones (% PIB),2000,13.9
IND,India,NE.IMP.GNFS.ZS,Importaciones (% PIB),1999,13.36
IND,India,NE.IMP.GNFS.ZS,Importaciones (% PIB),1998,12.68
IND,India,NE.IMP.GNFS.ZS,Importaciones (% PIB),1997,11.93
IND,India,NE.IMP.GNFS.ZS,Importaciones (% PIB),1996,11.54
IND,India,NE.IMP.GNFS.ZS,Importaciones (% PIB),1995,12.02
IND,India,NE.IMP.GNFS.ZS,Importaciones (% PIB),1994,10.19
IND,India,NE.IMP.GNFS.ZS,Importaciones (% PIB),1993,9.82
IND,India,NE.IMP.GNFS.ZS,Importaciones (% PIB),1992,9.59
IND,India,NE.IMP.GNFS.ZS,Importaciones (% PIB),1991,8.49
IND,India,NE.IMP.GNFS.ZS,Importaciones (% PIB),1990,8.45
IND,India,NE.IMP.GNFS.ZS,Importaciones (% PIB),1989,8.15
IND,India,NE.IMP.GNFS.ZS,Importaciones (% PIB),1988,7.46
IND,India,NE.IMP.GNFS.ZS,Importaciones (% PIB),1987,6.98
IND,India,NE.IMP.GNFS.ZS,Importaciones (% PIB),1986,7.02
IND,India,NE.IMP.GNFS.ZS,Importaciones (% PIB),1985,7.65
IND,India,NE.IMP.GNFS.ZS,Importaciones (% PIB),1984,7.73
IND,India,NE.IMP.GNFS.ZS,Importaciones (% PIB),1983,7.85
IND,India,NE.IMP.GNFS.ZS,Importaciones (% PIB),1982,8.14
IND,India,NE.IMP.GNFS.ZS,Importaciones (% PIB),1981,8.57
IND,India,NE.IMP.GNFS.ZS,Importaciones (% PIB),1980,9.25
IND,India,NE.IMP.GNFS.ZS,Importaciones (% PIB),1979,8.17
IND,India,NE.IMP.GNFS.ZS,Importaciones (% PIB),1978,6.59
IND,India,NE.IMP.GNFS.ZS,Importaciones (% PIB),1977,6.26
IND,India,NE.IMP.GNFS.ZS,Importaciones (% PIB),1976,6.11
IND,India,NE.IMP.GNFS.ZS,Importaciones (% PIB),1975,6.65
IND,India,NE.IMP.GNFS.ZS,Importaciones (% PIB),1974,6.02
IND,India,NE.IMP.GNFS.ZS,Importaciones (% PIB),1973,4.72
IND,India,NE.IMP.GNFS.ZS,Importaciones (% PIB),1972,3.71
IND,India,NE.IMP.GNFS.ZS,Importaciones (% PIB),1971,4.0
IND,India,NE.IMP.GNFS.ZS,Importaciones (% PIB),1970,3.88
IND,India,NE.IMP.GNFS.ZS,Importaciones (% PIB),1969,4.03
IND,India,NE.IMP.GNFS.ZS,Importaciones (% PIB),1968,4.94
IND,India,NE.IMP.GNFS.ZS,Importaciones (% PIB),1967,5.95
IND,India,NE.IMP.GNFS.ZS,Importaciones (% PIB),1966,6.67
IND,India,NE.IMP.GNFS.ZS,Importaciones (% PIB),1965,5.21
IND,India,NE.IMP.GNFS.ZS,Importaciones (% PIB),1964,5.68
IND,India,NE.IMP.GNFS.ZS,Importaciones (% PIB),1963,5.91
IND,India,NE.IMP.GNFS.ZS,Importaciones (% PIB),1962,6.03
IND,India,NE.IMP.GNFS.ZS,Importaciones (% PIB),1961,5.96
IND,India,NE.IMP.GNFS.ZS,Importaciones (% PIB),1960,6.83
IND,India,BN.CAB.XOKA.GD.ZS,Cuenta corriente (% PIB),2023,-0.88
IND,India,BN.CAB.XOKA.GD.ZS,Cuenta corriente (% PIB),2022,-2.36
IND,India,BN.CAB.XOKA.GD.ZS,Cuenta corriente (% PIB),2021,-1.06
IND,India,BN.CAB.XOKA.GD.ZS,Cuenta corriente (% PIB),2020,1.22
IND,India,BN.CAB.XOKA.GD.ZS,Cuenta corriente (% PIB),2019,-1.05
IND,India,BN.CAB.XOKA.GD.ZS,Cuenta corriente (% PIB),2018,-2.43
IND,India,BN.CAB.XOKA.GD.ZS,Cuenta corriente (% PIB),2017,-1.44
IND,India,BN.CAB.XOKA.GD.ZS,Cuenta corriente (% PIB),2016,-0.53
IND,India,BN.CAB.XOKA.GD.ZS,Cuenta corriente (% PIB),2015,-1.07
IND,India,BN.CAB.XOKA.GD.ZS,Cuenta corriente (% PIB),2014,-1.34
IND,India,BN.CAB.XOKA.GD.ZS,Cuenta corriente (% PIB),2013,-2.65
IND,India,BN.CAB.XOKA.GD.ZS,Cuenta corriente (% PIB),2012,-5.0
IND,India,BN.CAB.XOKA.GD.ZS,Cuenta corriente (% PIB),2011,-3.43
IND,India,BN.CAB.XOKA.GD.ZS,Cuenta corriente (% PIB),2010,-3.25
IND,India,BN.CAB.XOKA.GD.ZS,Cuenta corriente (% PIB),2009,-1.95
IND,India,BN.CAB.XOKA.GD.ZS,Cuenta corriente (% PIB),2008,-2.58
IND,India,BN.CAB.XOKA.GD.ZS,Cuenta corriente (% PIB),2007,-0.66
IND,India,BN.CAB.XOKA.GD.ZS,Cuenta corriente (% PIB),2006,-0.99
IND,India,BN.CAB.XOKA.GD.ZS,Cuenta corriente (% PIB),2005,-1.25
IND,India,BN.CAB.XOKA.GD.ZS,Cuenta corriente (% PIB),2004,0.11
IND,India,BN.CAB.XOKA.GD.ZS,Cuenta corriente (% PIB),2003,1.44
IND,India,BN.CAB.XOKA.GD.ZS,Cuenta corriente (% PIB),2002,1.37
IND,India,BN.CAB.XOKA.GD.ZS,Cuenta corriente (% PIB),2001,0.29
IND,India,BN.CAB.XOKA.GD.ZS,Cuenta corriente (% PIB),2000,-0.98
IND,India,BN.CAB.XOKA.GD.ZS,Cuenta corriente (% PIB),1999,-0.7
IND,India,BN.CAB.XOKA.GD.ZS,Cuenta corriente (% PIB),1998,-1.64
IND,India,BN.CAB.XOKA.GD.ZS,Cuenta corriente (% PIB),1997,-0.71
IND,India,BN.CAB.XOKA.GD.ZS,Cuenta corriente (% PIB),1996,-1.52
IND,India,BN.CAB.XOKA.GD.ZS,Cuenta corriente (% PIB),1995,-1.54
IND,India,BN.CAB.XOKA.GD.ZS,Cuenta corriente (% PIB),1994,-0.51
IND,India,BN.CAB.XOKA.GD.ZS,Cuenta corriente (% PIB),1993,-0.67
IND,India,BN.CAB.XOKA.GD.ZS,Cuenta corriente (% PIB),1992,-1.56
IND,India,BN.CAB.XOKA.GD.ZS,Cuenta corriente (% PIB),1991,-1.59
IND,India,BN.CAB.XOKA.GD.ZS,Cuenta corriente (% PIB),1990,-2.19
IND,India,BN.CAB.XOKA.GD.ZS,Cuenta corriente (% PIB),1989,-2.3
IND,India,BN.CAB.XOKA.GD.ZS,Cuenta corriente (% PIB),1988,-2.41
IND,India,BN.CAB.XOKA.GD.ZS,Cuenta corriente (% PIB),1987,-1.85
IND,India,BN.CAB.XOKA.GD.ZS,Cuenta corriente (% PIB),1986,-1.83
IND,India,BN.CAB.XOKA.GD.ZS,Cuenta corriente (% PIB),1985,-1.78
IND,India,BN.CAB.XOKA.GD.ZS,Cuenta corriente (% PIB),1984,-1.09
IND,India,BN.CAB.XOKA.GD.ZS,Cuenta corriente (% PIB),1983,-0.89
IND,India,BN.CAB.XOKA.GD.ZS,Cuenta corriente (% PIB),1982,-1.26
IND,India,BN.CAB.XOKA.GD.ZS,Cuenta corriente (% PIB),1981,-1.39
IND,India,BN.CAB.XOKA.GD.ZS,Cuenta corriente (% PIB),1980,-0.96
IND,India,BN.CAB.XOKA.GD.ZS,Cuenta corriente (% PIB),1979,0.03
IND,India,BN.CAB.XOKA.GD.ZS,Cuenta corriente (% PIB),1978,0.5
IND,India,BN.CAB.XOKA.GD.ZS,Cuenta corriente (% PIB),1977,1.74
IND,India,BN.CAB.XOKA.GD.ZS,Cuenta corriente (% PIB),1976,1.54
IND,India,BN.CAB.XOKA.GD.ZS,Cuenta corriente (% PIB),1975,-0.15
WLD,Mundo,NE.TRD.GNFS.ZS,Apertura comercial (Trade % PIB),2023,58.2
WLD,Mundo,NE.TRD.GNFS.ZS,Apertura comercial (Trade % PIB),2022,62.42
WLD,Mundo,NE.TRD.GNFS.ZS,Apertura comercial (Trade % PIB),2021,56.71
WLD,Mundo,NE.TRD.GNFS.ZS,Apertura comercial (Trade % PIB),2020,51.97
WLD,Mundo,NE.TRD.GNFS.ZS,Apertura comercial (Trade % PIB),2019,55.91
WLD,Mundo,NE.TRD.GNFS.ZS,Apertura comercial (Trade % PIB),2018,57.12
WLD,Mundo,NE.TRD.GNFS.ZS,Apertura comercial (Trade % PIB),2017,55.59
WLD,Mundo,NE.TRD.GNFS.ZS,Apertura comercial (Trade % PIB),2016,53.91
WLD,Mundo,NE.TRD.GNFS.ZS,Apertura comercial (Trade % PIB),2015,55.73
WLD,Mundo,NE.TRD.GNFS.ZS,Apertura comercial (Trade % PIB),2014,58.13
WLD,Mundo,NE.TRD.GNFS.ZS,Apertura comercial (Trade % PIB),2013,58.71
WLD,Mundo,NE.TRD.GNFS.ZS,Apertura comercial (Trade % PIB),2012,59.35
WLD,Mundo,NE.TRD.GNFS.ZS,Apertura comercial (Trade % PIB),2011,59.54
WLD,Mundo,NE.TRD.GNFS.ZS,Apertura comercial (Trade % PIB),2010,56.42
WLD,Mundo,NE.TRD.GNFS.ZS,Apertura comercial (Trade % PIB),2009,52.08
WLD,Mundo,NE.TRD.GNFS.ZS,Apertura comercial (Trade % PIB),2008,60.57
WLD,Mundo,NE.TRD.GNFS.ZS,Apertura comercial (Trade % PIB),2007,58.97
WLD,Mundo,NE.TRD.GNFS.ZS,Apertura comercial (Trade % PIB),2006,58.59
WLD,Mundo,NE.TRD.GNFS.ZS,Apertura comercial (Trade % PIB),2005,56.45
WLD,Mundo,NE.TRD.GNFS.ZS,Apertura comercial (Trade % PIB),2004,54.4
WLD,Mundo,NE.TRD.GNFS.ZS,Apertura comercial (Trade % PIB),2003,50.85
WLD,Mundo,NE.TRD.GNFS.ZS,Apertura comercial (Trade % PIB),2002,49.19
WLD,Mundo,NE.TRD.GNFS.ZS,Apertura comercial (Trade % PIB),2001,49.18
WLD,Mundo,NE.TRD.GNFS.ZS,Apertura comercial (Trade % PIB),2000,50.3
WLD,Mundo,NE.TRD.GNFS.ZS,Apertura comercial (Trade % PIB),1999,45.92
WLD,Mundo,NE.TRD.GNFS.ZS,Apertura comercial (Trade % PIB),1998,45.46
WLD,Mundo,NE.TRD.GNFS.ZS,Apertura comercial (Trade % PIB),1997,44.84
WLD,Mundo,NE.TRD.GNFS.ZS,Apertura comercial (Trade % PIB),1996,43.04
WLD,Mundo,NE.TRD.GNFS.ZS,Apertura comercial (Trade % PIB),1995,42.93
WLD,Mundo,NE.TRD.GNFS.ZS,Apertura comercial (Trade % PIB),1994,41.22
WLD,Mundo,NE.TRD.GNFS.ZS,Apertura comercial (Trade % PIB),1993,40.28
WLD,Mundo,NE.TRD.GNFS.ZS,Apertura comercial (Trade % PIB),1992,40.75
WLD,Mundo,NE.TRD.GNFS.ZS,Apertura comercial (Trade % PIB),1991,37.88
WLD,Mundo,NE.TRD.GNFS.ZS,Apertura comercial (Trade % PIB),1990,38.01
WLD,Mundo,NE.TRD.GNFS.ZS,Apertura comercial (Trade % PIB),1989,38.0
WLD,Mundo,NE.TRD.GNFS.ZS,Apertura comercial (Trade % PIB),1988,37.62
WLD,Mundo,NE.TRD.GNFS.ZS,Apertura comercial (Trade % PIB),1987,35.79
WLD,Mundo,NE.TRD.GNFS.ZS,Apertura comercial (Trade % PIB),1986,34.52
WLD,Mundo,NE.TRD.GNFS.ZS,Apertura comercial (Trade % PIB),1985,36.99
WLD,Mundo,NE.TRD.GNFS.ZS,Apertura comercial (Trade % PIB),1984,37.44
WLD,Mundo,NE.TRD.GNFS.ZS,Apertura comercial (Trade % PIB),1983,36.12
WLD,Mundo,NE.TRD.GNFS.ZS,Apertura comercial (Trade % PIB),1982,36.95
WLD,Mundo,NE.TRD.GNFS.ZS,Apertura comercial (Trade % PIB),1981,38.96
WLD,Mundo,NE.TRD.GNFS.ZS,Apertura comercial (Trade % PIB),1980,38.52
WLD,Mundo,NE.TRD.GNFS.ZS,Apertura comercial (Trade % PIB),1979,35.7
WLD,Mundo,NE.TRD.GNFS.ZS,Apertura comercial (Trade % PIB),1978,33.52
WLD,Mundo,NE.TRD.GNFS.ZS,Apertura comercial (Trade % PIB),1977,33.13
WLD,Mundo,NE.TRD.GNFS.ZS,Apertura comercial (Trade % PIB),1976,32.77
WLD,Mundo,NE.TRD.GNFS.ZS,Apertura comercial (Trade % PIB),1975,31.98
WLD,Mundo,NE.TRD.GNFS.ZS,Apertura comercial (Trade % PIB),1974,33.79
WLD,Mundo,NE.TRD.GNFS.ZS,Apertura comercial (Trade % PIB),1973,29.03
WLD,Mundo,NE.TRD.GNFS.ZS,Apertura comercial (Trade % PIB),1972,26.01
WLD,Mundo,NE.TRD.GNFS.ZS,Apertura comercial (Trade % PIB),1971,25.82
WLD,Mundo,NE.TRD.GNFS.ZS,Apertura comercial (Trade % PIB),1970,25.79
WLD,Mundo,NE.EXP.GNFS.ZS,Exportaciones (% PIB),2023,29.15
WLD,Mundo,NE.EXP.GNFS.ZS,Exportaciones (% PIB),2022,30.89
WLD,Mundo,NE.EXP.GNFS.ZS,Exportaciones (% PIB),2021,28.65
WLD,Mundo,NE.EXP.GNFS.ZS,Exportaciones (% PIB),2020,26.14
WLD,Mundo,NE.EXP.GNFS.ZS,Exportaciones (% PIB),2019,28.03
WLD,Mundo,NE.EXP.GNFS.ZS,Exportaciones (% PIB),2018,28.96
WLD,Mundo,NE.EXP.GNFS.ZS,Exportaciones (% PIB),2017,28.1
WLD,Mundo,NE.EXP.GNFS.ZS,Exportaciones (% PIB),2016,27.17
WLD,Mundo,NE.EXP.GNFS.ZS,Exportaciones (% PIB),2015,28.13
WLD,Mundo,NE.EXP.GNFS.ZS,Exportaciones (% PIB),2014,29.8
WLD,Mundo,NE.EXP.GNFS.ZS,Exportaciones (% PIB),2013,30.06
WLD,Mundo,NE.EXP.GNFS.ZS,Exportaciones (% PIB),2012,30.05
WLD,Mundo,NE.EXP.GNFS.ZS,Exportaciones (% PIB),2011,30.25
WLD,Mundo,NE.EXP.GNFS.ZS,Exportaciones (% PIB),2010,28.47
WLD,Mundo,NE.EXP.GNFS.ZS,Exportaciones (% PIB),2009,26.17
WLD,Mundo,NE.EXP.GNFS.ZS,Exportaciones (% PIB),2008,30.73
WLD,Mundo,NE.EXP.GNFS.ZS,Exportaciones (% PIB),2007,29.57
WLD,Mundo,NE.EXP.GNFS.ZS,Exportaciones (% PIB),2006,28.64
WLD,Mundo,NE.EXP.GNFS.ZS,Exportaciones (% PIB),2005,27.0
WLD,Mundo,NE.EXP.GNFS.ZS,Exportaciones (% PIB),2004,25.72
WLD,Mundo,NE.EXP.GNFS.ZS,Exportaciones (% PIB),2003,23.86
WLD,Mundo,NE.EXP.GNFS.ZS,Exportaciones (% PIB),2002,23.12
WLD,Mundo,NE.EXP.GNFS.ZS,Exportaciones (% PIB),2001,22.87
WLD,Mundo,NE.EXP.GNFS.ZS,Exportaciones (% PIB),2000,23.47
WLD,Mundo,NE.EXP.GNFS.ZS,Exportaciones (% PIB),1999,21.88
WLD,Mundo,NE.EXP.GNFS.ZS,Exportaciones (% PIB),1998,21.79
WLD,Mundo,NE.EXP.GNFS.ZS,Exportaciones (% PIB),1997,21.95
WLD,Mundo,NE.EXP.GNFS.ZS,Exportaciones (% PIB),1996,21.08
WLD,Mundo,NE.EXP.GNFS.ZS,Exportaciones (% PIB),1995,20.65
WLD,Mundo,NE.EXP.GNFS.ZS,Exportaciones (% PIB),1994,19.48
WLD,Mundo,NE.EXP.GNFS.ZS,Exportaciones (% PIB),1993,18.92
WLD,Mundo,NE.EXP.GNFS.ZS,Exportaciones (% PIB),1992,19.83
WLD,Mundo,NE.EXP.GNFS.ZS,Exportaciones (% PIB),1991,18.74
WLD,Mundo,NE.EXP.GNFS.ZS,Exportaciones (% PIB),1990,18.86
WLD,Mundo,NE.EXP.GNFS.ZS,Exportaciones (% PIB),1989,18.53
WLD,Mundo,NE.EXP.GNFS.ZS,Exportaciones (% PIB),1988,17.91
WLD,Mundo,NE.EXP.GNFS.ZS,Exportaciones (% PIB),1987,17.4
WLD,Mundo,NE.EXP.GNFS.ZS,Exportaciones (% PIB),1986,16.73
WLD,Mundo,NE.EXP.GNFS.ZS,Exportaciones (% PIB),1985,17.64
WLD,Mundo,NE.EXP.GNFS.ZS,Exportaciones (% PIB),1984,18.24
WLD,Mundo,NE.EXP.GNFS.ZS,Exportaciones (% PIB),1983,17.9
WLD,Mundo,NE.EXP.GNFS.ZS,Exportaciones (% PIB),1982,18.54
WLD,Mundo,NE.EXP.GNFS.ZS,Exportaciones (% PIB),1981,19.54
WLD,Mundo,NE.EXP.GNFS.ZS,Exportaciones (% PIB),1980,20.19
WLD,Mundo,NE.EXP.GNFS.ZS,Exportaciones (% PIB),1979,18.83
WLD,Mundo,NE.EXP.GNFS.ZS,Exportaciones (% PIB),1978,17.37
WLD,Mundo,NE.EXP.GNFS.ZS,Exportaciones (% PIB),1977,17.6
WLD,Mundo,NE.EXP.GNFS.ZS,Exportaciones (% PIB),1976,17.54
WLD,Mundo,NE.EXP.GNFS.ZS,Exportaciones (% PIB),1975,17.1
WLD,Mundo,NE.EXP.GNFS.ZS,Exportaciones (% PIB),1974,17.9
WLD,Mundo,NE.EXP.GNFS.ZS,Exportaciones (% PIB),1973,14.97
WLD,Mundo,NE.EXP.GNFS.ZS,Exportaciones (% PIB),1972,13.37
WLD,Mundo,NE.EXP.GNFS.ZS,Exportaciones (% PIB),1971,13.02
WLD,Mundo,NE.EXP.GNFS.ZS,Exportaciones (% PIB),1970,12.82
WLD,Mundo,NE.IMP.GNFS.ZS,Importaciones (% PIB),2023,28.37
WLD,Mundo,NE.IMP.GNFS.ZS,Importaciones (% PIB),2022,30.12
WLD,Mundo,NE.IMP.GNFS.ZS,Importaciones (% PIB),2021,27.65
WLD,Mundo,NE.IMP.GNFS.ZS,Importaciones (% PIB),2020,25.46
WLD,Mundo,NE.IMP.GNFS.ZS,Importaciones (% PIB),2019,27.46
WLD,Mundo,NE.IMP.GNFS.ZS,Importaciones (% PIB),2018,28.28
WLD,Mundo,NE.IMP.GNFS.ZS,Importaciones (% PIB),2017,27.34
WLD,Mundo,NE.IMP.GNFS.ZS,Importaciones (% PIB),2016,26.43
WLD,Mundo,NE.IMP.GNFS.ZS,Importaciones (% PIB),2015,27.37
WLD,Mundo,NE.IMP.GNFS.ZS,Importaciones (% PIB),2014,28.91
WLD,Mundo,NE.IMP.GNFS.ZS,Importaciones (% PIB),2013,29.11
WLD,Mundo,NE.IMP.GNFS.ZS,Importaciones (% PIB),2012,29.14
WLD,Mundo,NE.IMP.GNFS.ZS,Importaciones (% PIB),2011,29.41
WLD,Mundo,NE.IMP.GNFS.ZS,Importaciones (% PIB),2010,27.66
WLD,Mundo,NE.IMP.GNFS.ZS,Importaciones (% PIB),2009,25.57
WLD,Mundo,NE.IMP.GNFS.ZS,Importaciones (% PIB),2008,30.16
WLD,Mundo,NE.IMP.GNFS.ZS,Importaciones (% PIB),2007,28.91
WLD,Mundo,NE.IMP.GNFS.ZS,Importaciones (% PIB),2006,28.12
WLD,Mundo,NE.IMP.GNFS.ZS,Importaciones (% PIB),2005,26.67
WLD,Mundo,NE.IMP.GNFS.ZS,Importaciones (% PIB),2004,25.47
WLD,Mundo,NE.IMP.GNFS.ZS,Importaciones (% PIB),2003,23.69
WLD,Mundo,NE.IMP.GNFS.ZS,Importaciones (% PIB),2002,22.93
WLD,Mundo,NE.IMP.GNFS.ZS,Importaciones (% PIB),2001,22.91
WLD,Mundo,NE.IMP.GNFS.ZS,Importaciones (% PIB),2000,23.41
WLD,Mundo,NE.IMP.GNFS.ZS,Importaciones (% PIB),1999,21.61
WLD,Mundo,NE.IMP.GNFS.ZS,Importaciones (% PIB),1998,21.37
WLD,Mundo,NE.IMP.GNFS.ZS,Importaciones (% PIB),1997,21.41
WLD,Mundo,NE.IMP.GNFS.ZS,Importaciones (% PIB),1996,20.67
WLD,Mundo,NE.IMP.GNFS.ZS,Importaciones (% PIB),1995,20.18
WLD,Mundo,NE.IMP.GNFS.ZS,Importaciones (% PIB),1994,19.02
WLD,Mundo,NE.IMP.GNFS.ZS,Importaciones (% PIB),1993,18.51
WLD,Mundo,NE.IMP.GNFS.ZS,Importaciones (% PIB),1992,19.51
WLD,Mundo,NE.IMP.GNFS.ZS,Importaciones (% PIB),1991,18.8
WLD,Mundo,NE.IMP.GNFS.ZS,Importaciones (% PIB),1990,19.23
WLD,Mundo,NE.IMP.GNFS.ZS,Importaciones (% PIB),1989,18.98
WLD,Mundo,NE.IMP.GNFS.ZS,Importaciones (% PIB),1988,18.25
WLD,Mundo,NE.IMP.GNFS.ZS,Importaciones (% PIB),1987,17.68
WLD,Mundo,NE.IMP.GNFS.ZS,Importaciones (% PIB),1986,17.16
WLD,Mundo,NE.IMP.GNFS.ZS,Importaciones (% PIB),1985,18.21
WLD,Mundo,NE.IMP.GNFS.ZS,Importaciones (% PIB),1984,18.81
WLD,Mundo,NE.IMP.GNFS.ZS,Importaciones (% PIB),1983,18.53
WLD,Mundo,NE.IMP.GNFS.ZS,Importaciones (% PIB),1982,19.32
WLD,Mundo,NE.IMP.GNFS.ZS,Importaciones (% PIB),1981,20.08
WLD,Mundo,NE.IMP.GNFS.ZS,Importaciones (% PIB),1980,20.76
WLD,Mundo,NE.IMP.GNFS.ZS,Importaciones (% PIB),1979,19.24
WLD,Mundo,NE.IMP.GNFS.ZS,Importaciones (% PIB),1978,17.62
WLD,Mundo,NE.IMP.GNFS.ZS,Importaciones (% PIB),1977,18.0
WLD,Mundo,NE.IMP.GNFS.ZS,Importaciones (% PIB),1976,17.72
WLD,Mundo,NE.IMP.GNFS.ZS,Importaciones (% PIB),1975,17.12
WLD,Mundo,NE.IMP.GNFS.ZS,Importaciones (% PIB),1974,18.09
WLD,Mundo,NE.IMP.GNFS.ZS,Importaciones (% PIB),1973,14.67
WLD,Mundo,NE.IMP.GNFS.ZS,Importaciones (% PIB),1972,13.19
WLD,Mundo,NE.IMP.GNFS.ZS,Importaciones (% PIB),1971,12.92
WLD,Mundo,NE.IMP.GNFS.ZS,Importaciones (% PIB),1970,12.82
USA,Estados Unidos,NE.EXP.GNFS.ZS,Exportaciones (% PIB),1960,5.15
USA,Estados Unidos,NE.EXP.GNFS.ZS,Exportaciones (% PIB),1965,5.3
USA,Estados Unidos,NE.EXP.GNFS.ZS,Exportaciones (% PIB),1970,5.76
USA,Estados Unidos,NE.EXP.GNFS.ZS,Exportaciones (% PIB),1975,8.77
USA,Estados Unidos,NE.EXP.GNFS.ZS,Exportaciones (% PIB),1980,10.28
USA,Estados Unidos,NE.EXP.GNFS.ZS,Exportaciones (% PIB),1985,7.25
USA,Estados Unidos,NE.EXP.GNFS.ZS,Exportaciones (% PIB),1990,9.55
USA,Estados Unidos,NE.EXP.GNFS.ZS,Exportaciones (% PIB),1995,11.03
USA,Estados Unidos,NE.EXP.GNFS.ZS,Exportaciones (% PIB),2000,10.97
USA,Estados Unidos,NE.EXP.GNFS.ZS,Exportaciones (% PIB),2001,10.03
USA,Estados Unidos,NE.EXP.GNFS.ZS,Exportaciones (% PIB),2002,9.46
USA,Estados Unidos,NE.EXP.GNFS.ZS,Exportaciones (% PIB),2003,9.4
USA,Estados Unidos,NE.EXP.GNFS.ZS,Exportaciones (% PIB),2004,9.88
USA,Estados Unidos,NE.EXP.GNFS.ZS,Exportaciones (% PIB),2005,10.39
USA,Estados Unidos,NE.EXP.GNFS.ZS,Exportaciones (% PIB),2006,10.9
USA,Estados Unidos,NE.EXP.GNFS.ZS,Exportaciones (% PIB),2007,11.49
USA,Estados Unidos,NE.EXP.GNFS.ZS,Exportaciones (% PIB),2008,12.52
USA,Estados Unidos,NE.EXP.GNFS.ZS,Exportaciones (% PIB),2009,11.11
USA,Estados Unidos,NE.EXP.GNFS.ZS,Exportaciones (% PIB),2010,12.39
USA,Estados Unidos,NE.EXP.GNFS.ZS,Exportaciones (% PIB),2011,13.56
USA,Estados Unidos,NE.EXP.GNFS.ZS,Exportaciones (% PIB),2012,13.57
USA,Estados Unidos,NE.EXP.GNFS.ZS,Exportaciones (% PIB),2013,13.52
USA,Estados Unidos,NE.EXP.GNFS.ZS,Exportaciones (% PIB),2014,13.46
USA,Estados Unidos,NE.EXP.GNFS.ZS,Exportaciones (% PIB),2015,12.41
USA,Estados Unidos,NE.EXP.GNFS.ZS,Exportaciones (% PIB),2016,11.87
USA,Estados Unidos,NE.EXP.GNFS.ZS,Exportaciones (% PIB),2017,12.14
USA,Estados Unidos,NE.EXP.GNFS.ZS,Exportaciones (% PIB),2018,12.22
USA,Estados Unidos,NE.EXP.GNFS.ZS,Exportaciones (% PIB),2019,11.71
USA,Estados Unidos,NE.EXP.GNFS.ZS,Exportaciones (% PIB),2020,10.16
USA,Estados Unidos,NE.EXP.GNFS.ZS,Exportaciones (% PIB),2021,10.89
USA,Estados Unidos,NE.EXP.GNFS.ZS,Exportaciones (% PIB),2022,11.65
USA,Estados Unidos,NE.EXP.GNFS.ZS,Exportaciones (% PIB),2023,11.18
